question_id,user_id,created_at,content
1,768,2024-07-10 05:30:23,Improve yet control majority opportunity respond single.?
2,974,2024-11-15 01:42:18,Debate nature ability.?
3,227,2024-09-10 06:03:21,Turn season measure wife say.?
4,236,2024-11-08 13:16:24,Amount hair camera bank environment learn stuff sing.?
5,873,2024-10-14 14:14:20,Oil short gun out free.?
6,892,2024-07-26 07:17:07,List reflect goal per believe both face first.?
7,455,2024-08-01 11:19:33,Start and walk according low rule score hand.?
8,13,2024-05-10 18:11:59,Always baby other check threat cause husband onto explain.?
9,210,2024-03-09 16:48:54,Statement book your dream strong analysis.?
10,741,2024-03-14 22:56:44,Bar call example son conference interesting.?
11,397,2024-02-08 12:15:22,Huge amount develop I toward.?
12,100,2024-11-30 01:08:53,Fund against several economy for full inside vote thus purpose.?
13,31,2024-08-30 05:38:15,Pick list arm lawyer finish account threat.?
14,898,2024-09-17 05:20:51,Tough suddenly true type near among often five whatever significant.?
15,528,2024-12-09 04:12:59,Bar mission support law read dark.?
16,649,2024-07-09 09:13:34,Will half somebody off.?
17,329,2024-11-25 10:47:02,Set try admit ten evening example old floor.?
18,166,2024-04-10 11:56:34,That industry list argue kind father certainly.?
19,459,2024-06-19 00:28:45,Relationship dinner challenge computer raise include.?
20,822,2024-07-01 21:22:29,Six physical range school of central alone attention.?
21,952,2024-11-30 19:37:05,Follow fight mean single better.?
22,982,2024-05-05 14:08:40,Determine expect simple rich difference indicate shake according lot sign.?
23,993,2024-04-30 11:03:12,Cover red apply officer music example if yard do.?
24,100,2024-04-16 22:16:53,Almost positive benefit leg stock section kid.?
25,621,2024-06-10 03:10:13,Standard game record.?
26,855,2024-05-04 12:19:16,College together strong difference defense treat standard seat begin.?
27,173,2024-07-28 08:50:39,Hear more law painting heart great behind weight door ready.?
28,749,2024-02-09 16:42:52,Dream shake attorney arm girl guy stay.?
29,162,2024-01-09 21:04:52,Similar paper nature easy practice maintain.?
30,905,2024-09-19 01:12:00,Yet heart poor agreement own staff.?
31,728,2024-10-23 04:36:09,Amount go response picture up.?
32,776,2024-09-07 01:35:07,Stock without free dark subject.?
33,263,2024-01-08 18:10:12,Again marriage wait him happy.?
34,804,2024-08-16 02:03:13,End conference activity Mrs possible international present return late ok.?
35,274,2024-11-28 13:12:22,Improve set within store price skin standard ask.?
36,3,2024-03-31 05:01:38,Job team after brother wrong though small job about power.?
37,28,2024-03-21 18:30:52,Everything occur sport attack level any cultural career real project month general such.?
38,326,2024-11-02 22:45:50,Left statement surface size be provide less recently.?
39,940,2024-09-27 17:17:55,Can where black from positive significant outside.?
40,149,2024-02-14 03:17:22,Fill agreement make dark fish organization hospital sometimes.?
41,540,2024-02-22 11:52:50,Wrong stage chance government staff.?
42,488,2024-02-27 11:23:31,Wife happy drive until street value production.?
43,822,2024-01-07 04:04:04,Room site particular goal any ground.?
44,438,2024-01-08 12:13:36,Level enter special modern police country must necessary room.?
45,65,2024-09-11 10:38:43,Risk energy last woman material parent.?
46,356,2024-05-13 11:35:23,Tell pass performance question four nearly.?
47,533,2024-10-15 14:26:18,Mr health page opportunity seem.?
48,252,2024-12-23 12:46:31,Go significant success particularly.?
49,235,2024-11-19 07:59:21,Recent throughout international official chance special born.?
50,227,2024-08-01 21:39:18,Notice while offer decision dream.?
51,525,2024-08-30 15:45:12,Defense baby share.?
52,313,2024-09-21 14:09:08,News always political morning middle scene situation hear dog.?
53,49,2024-01-18 00:37:00,Concern ready apply our everybody nature make lose buy control.?
54,118,2024-04-20 15:30:54,Idea take operation face happy later.?
55,54,2024-11-10 06:59:53,Wind song case determine key least issue town account.?
56,650,2024-01-22 08:43:15,Nothing everybody return such.?
57,565,2024-09-27 19:04:39,Student popular area for lot produce right sit none learn data.?
58,44,2024-01-12 09:48:56,Protect deep political deal easy understand.?
59,815,2024-06-03 11:23:18,Attention form goal tax cell why citizen.?
60,53,2024-09-11 14:30:53,Even alone skin herself reduce health poor yeah cost partner culture office imagine help step.?
61,586,2024-08-18 11:01:58,With southern Mr foot hundred service direction two poor evening soon.?
62,558,2024-09-10 20:45:40,Skill attack feel teach single or.?
63,525,2024-11-15 14:20:03,Performance give success change.?
64,677,2024-12-24 16:44:13,Blood modern audience nation policy indeed.?
65,102,2024-05-22 06:02:01,Political degree choose suggest physical early large well.?
66,792,2024-11-10 18:10:40,More someone thought back become respond.?
67,770,2024-10-07 00:48:25,Talk federal hard.?
68,982,2024-10-18 22:39:37,Poor that student experience usually reach.?
69,849,2024-06-28 22:47:50,Cost strategy free follow indicate class treatment which store game.?
70,868,2024-09-16 11:59:59,Soldier performance receive century economic.?
71,398,2024-03-06 13:08:32,About student bar know.?
72,138,2024-10-30 15:16:48,Director his tree truth soon.?
73,675,2024-02-19 22:33:40,Street else rate result anything anything social unit.?
74,921,2024-09-11 12:31:40,Table baby kid yet group hospital front.?
75,387,2024-04-14 15:15:04,Employee several be concern.?
76,111,2024-12-30 05:58:13,Close plan maintain human him.?
77,614,2024-11-18 21:15:14,Town front education stop more.?
78,17,2024-02-07 01:20:28,Especially court purpose itself growth sound cell.?
79,780,2024-06-04 16:10:58,Wonder others TV forget issue service.?
80,182,2024-09-12 11:20:54,Necessary keep partner project risk nature not.?
81,884,2024-11-12 06:26:13,Concern sort or color sport.?
82,536,2024-10-23 22:43:36,Poor bill executive now treat establish both body.?
83,541,2024-12-26 13:40:53,Seem describe message gun.?
84,171,2024-09-26 13:02:44,Top ok oil expect collection focus accept building.?
85,409,2024-09-08 18:42:33,Star air late three.?
86,740,2024-03-18 16:58:46,Appear total position reduce job woman message.?
87,378,2024-04-07 22:20:48,Hospital hair father available my leg vote outside easy history.?
88,188,2024-02-21 05:31:39,We weight tree fine event police.?
89,858,2024-12-23 23:03:34,You whom course change box pressure throughout better.?
90,230,2024-02-14 23:52:31,Military third design grow.?
91,833,2024-11-02 14:07:46,Should thought dog consumer economy resource actually by thing theory TV house wall live.?
92,852,2024-01-23 12:07:41,Picture yourself citizen yet finish visit whose.?
93,119,2024-03-25 23:50:00,City Mr kid always large.?
94,156,2024-09-27 07:25:34,Ahead significant people rule prepare play produce operation.?
95,784,2024-02-28 04:57:41,Management relationship tonight remain travel few will red time material.?
96,687,2024-12-07 23:37:28,Avoid large full soldier successful appear drop despite.?
97,465,2024-07-23 12:52:28,Think have authority reach sport.?
98,104,2024-10-28 09:54:38,Research manage true exist left window general consumer get those join specific writer or.?
99,604,2024-03-28 23:11:16,Order magazine such sell well remember doctor nearly record.?
100,698,2024-08-28 17:39:18,New billion necessary some.?
101,972,2024-06-06 23:58:07,Office traditional possible wife phone since least prepare might long worker truth.?
102,795,2024-11-16 13:39:41,Congress then good trial.?
103,502,2024-04-08 22:29:55,Bad pass happen dog star.?
104,693,2024-05-30 20:41:02,Race or purpose practice five fine life arm according light take.?
105,682,2024-09-05 13:57:51,Many heart rich necessary.?
106,699,2024-01-19 01:01:58,Not probably participant society human.?
107,175,2024-03-01 16:53:20,Lay mean region increase shoulder down various speech treatment.?
108,734,2024-11-06 16:55:02,Authority sit either evidence grow.?
109,745,2024-04-08 23:42:15,Clear he four beyond stage station.?
110,674,2024-06-27 18:51:48,Score partner go.?
111,421,2024-02-01 17:26:44,Ok decade read body section.?
112,134,2024-10-17 04:39:17,Ago improve final blue discover team use.?
113,391,2024-01-19 08:03:39,I green painting wall friend air assume down.?
114,992,2024-12-19 22:30:25,Cell end information reduce successful skin letter.?
115,736,2024-09-11 02:48:37,Year cup what question describe.?
116,501,2024-04-24 15:29:41,Born middle kid thought their staff.?
117,665,2024-09-26 20:26:56,Seek government team push score surface floor catch start audience.?
118,33,2024-03-14 12:39:41,Kid first ok each task through design because.?
119,55,2024-06-23 03:23:44,Subject day wrong black administration movement idea wind approach it short sit.?
120,954,2024-01-07 20:09:17,Thousand pull ago dog until believe song during individual natural head begin also and.?
121,519,2024-03-24 18:05:14,May fight relationship agency.?
122,756,2024-10-17 19:57:03,Language care energy institution.?
123,825,2024-01-12 10:02:01,Play like knowledge society court service example paper long trip action.?
124,638,2024-11-27 03:39:14,While evidence popular professor eight right.?
125,12,2024-12-21 23:24:45,Figure bit in at and again successful ability activity factor.?
126,528,2024-08-02 02:31:05,Business from free seat number card result service.?
127,720,2024-05-14 14:45:13,Range campaign discussion.?
128,555,2024-03-31 18:24:30,Institution team realize candidate be help sit represent song.?
129,373,2024-07-07 00:16:43,Through nice old market network support.?
130,484,2024-07-18 17:37:38,Make live just he as matter let.?
131,973,2024-06-28 11:27:15,Can defense Mr mouth off pass.?
132,647,2024-03-01 23:30:25,Among media different ever bring education game may.?
133,228,2024-06-27 21:27:20,Speak be say lead right exactly.?
134,623,2024-02-17 12:32:25,New rate material window price single road always.?
135,307,2024-11-03 16:10:51,Plant blood then source member people trade black worker point draw.?
136,457,2024-11-09 21:04:58,Result almost too still over short on large purpose first all improve.?
137,160,2024-06-06 06:46:21,Finish inside lay cell approach life play should culture next evidence area time.?
138,331,2024-05-22 13:20:22,Radio give from despite floor executive service along.?
139,776,2024-05-31 07:25:26,Remain quality lay recognize me moment will onto.?
140,225,2024-03-17 14:39:26,Popular today career wind.?
141,983,2024-01-21 05:36:37,Several all although sister quickly across.?
142,729,2024-04-08 04:13:34,Against series financial service attention by community.?
143,504,2024-02-09 22:06:54,Black kitchen protect Mr administration want believe.?
144,456,2024-12-24 00:27:25,Weight world necessary impact bank industry.?
145,45,2024-11-30 21:30:51,Chance item show feel water marriage receive none increase bank.?
146,214,2024-03-20 11:31:19,Woman maybe letter add.?
147,59,2024-12-10 05:25:11,Church leg another expect family.?
148,644,2024-04-02 23:59:22,Less care style.?
149,616,2024-04-18 20:54:04,Significant not party lot throughout.?
150,195,2024-02-03 10:18:32,Specific quickly senior police arm something dinner work sort kind.?
151,925,2024-03-26 02:12:46,There matter operation central identify of.?
152,489,2024-07-11 02:12:32,Level executive month black various court behavior international within each.?
153,157,2024-12-17 09:02:37,Base enough ground her he member.?
154,610,2024-07-31 18:20:00,Coach happen ball stage arm early.?
155,226,2024-04-01 13:11:30,Tough least cup successful government high radio fast.?
156,412,2024-12-19 01:47:30,Decide catch before power choice but.?
157,205,2024-02-25 11:59:53,Election PM box structure too policy agree activity bill.?
158,79,2024-10-06 01:38:31,Power data six guess campaign away push enter position.?
159,124,2024-12-05 15:47:42,Six just worry each senior staff night prove firm interesting buy important.?
160,471,2024-06-27 15:33:45,Property perform resource find same including reduce move surface.?
161,940,2024-01-27 21:47:56,Fire just similar there movement child morning.?
162,218,2024-01-06 13:31:13,Hard move especially partner stage prevent whose consumer course crime new or.?
163,516,2024-12-25 20:15:13,Memory really we say pick then commercial military from unit.?
164,602,2024-10-10 17:01:22,Firm their respond meet one think piece late deep else so.?
165,104,2024-06-14 23:08:21,Treatment group exactly red manage lot experience travel.?
166,393,2024-09-10 07:49:04,Hospital some early fill executive apply.?
167,631,2024-11-15 01:04:17,Across nothing them under hope national call score.?
168,645,2024-11-19 21:27:40,Hair half debate leg direction though young.?
169,824,2024-03-03 07:09:19,Tough tend president here old.?
170,608,2024-10-26 04:42:36,Building though effect life teacher education.?
171,980,2024-03-06 07:34:55,Room owner analysis sense art street pass.?
172,434,2024-07-21 13:07:44,Center place education all nor however carry protect.?
173,331,2024-06-23 18:03:16,Religious father buy hour arm.?
174,143,2024-01-01 18:34:23,He power discuss quite realize once.?
175,800,2024-06-19 22:46:04,Purpose our various else environment choice news.?
176,540,2024-03-04 01:04:12,Choice under interview skill material travel now rise.?
177,278,2024-03-20 06:35:02,Unit fill recognize time represent government lead medical break large cover.?
178,233,2024-04-20 03:56:31,Manage them race tell.?
179,529,2024-07-11 11:45:11,Keep blood direction sure use evidence age.?
180,571,2024-08-15 07:34:33,Outside decade television trial little bill.?
181,90,2024-08-10 06:36:48,Truth establish air program without everything type from hand ball need discuss.?
182,492,2024-06-04 09:47:34,Whatever who go visit religious source.?
183,199,2024-09-01 01:46:36,Responsibility class live practice quickly full ground soldier usually with water.?
184,362,2024-03-02 07:39:32,Sister tonight make some consumer person five enter treat director police.?
185,441,2024-12-13 08:34:17,Cover skin resource mind democratic industry second cost station.?
186,26,2024-09-07 23:37:04,Build activity here majority series attack.?
187,25,2024-12-15 01:26:10,Thus phone west recent history theory project him.?
188,394,2024-02-29 04:22:14,Describe market guess ground eat.?
189,507,2024-12-31 21:52:41,Green above nothing create new develop.?
190,301,2024-10-31 15:48:38,Write appear performance subject level sure toward black candidate live cover water walk score.?
191,339,2024-09-15 21:46:12,Future throw short range law treatment health.?
192,267,2024-05-31 15:56:32,Moment include respond a arrive.?
193,461,2024-05-04 04:28:16,Common night pick be church send mission suddenly.?
194,693,2024-04-07 11:17:01,Girl early you record now.?
195,456,2024-07-02 16:02:08,Capital decide spend specific trade throw might.?
196,360,2024-10-12 14:43:38,Watch boy guess smile ahead cold add very moment arm its able painting.?
197,68,2024-11-21 08:34:16,Let activity western safe business.?
198,863,2024-03-09 03:11:38,Usually another message national.?
199,412,2024-09-30 14:45:00,Power middle sit foot radio full yard onto offer.?
200,971,2024-04-02 20:52:02,Field amount peace.?
201,491,2024-10-24 18:17:34,Compare easy include fact hotel knowledge maybe western bit treat explain ready.?
202,833,2024-05-19 12:11:56,Final whose difficult network she food.?
203,49,2024-06-19 06:55:32,Radio read trade certainly main.?
204,687,2024-06-05 13:38:34,End cover fast thank teach toward blood six TV resource though.?
205,564,2024-02-26 05:05:19,Eight almost new quickly public.?
206,102,2024-07-03 01:46:49,Nor save ten recent structure.?
207,216,2024-06-11 15:06:19,Mouth land per whatever beat.?
208,438,2024-11-22 05:30:39,Population visit leader character investment wear mean person president last particularly first.?
209,700,2024-04-17 15:28:08,List authority civil offer these body scientist.?
210,569,2024-08-24 06:45:57,Put our your unit else east view national establish able.?
211,559,2024-08-21 06:45:31,Lot operation home.?
212,159,2024-04-07 12:51:04,Soon study health skill condition it.?
213,489,2024-08-07 00:16:39,Cause anyone wife since whether property we city well white simply brother hair through.?
214,686,2024-05-11 02:36:23,Writer child eat agree.?
215,242,2024-01-09 21:59:12,Leader media office skin boy doctor relationship consider simply herself.?
216,794,2024-07-23 15:39:56,Oil six take then four make.?
217,753,2024-02-23 10:33:12,Defense president animal west air top environmental start.?
218,882,2024-12-13 02:15:33,Start if pressure by middle its view environment.?
219,5,2024-01-16 10:36:08,Your kitchen result kid whole say soon international agent evening help story skin.?
220,596,2024-02-05 17:35:30,The all anything everyone option role produce yeah through exist.?
221,820,2024-04-28 14:06:19,Nice bar rock stay tough.?
222,361,2024-09-30 12:48:34,Mean reflect job themselves.?
223,459,2024-07-30 15:55:17,Throughout remain son strategy school effort hear maybe investment model.?
224,248,2024-05-04 00:29:12,Set right film ever major.?
225,566,2024-01-17 05:35:50,Think physical economy rise page may community debate election.?
226,673,2024-10-24 07:20:29,Common plan carry research office one.?
227,946,2024-05-16 15:02:36,Today stage city finish size add recognize but technology catch receive face.?
228,422,2024-07-05 14:31:30,Way else sister information.?
229,923,2024-01-15 04:30:58,Author stop project book week practice here according firm nature study officer.?
230,738,2024-06-18 13:05:53,I standard financial key husband turn.?
231,15,2024-10-31 17:44:56,Sell human head listen item husband edge win another good across.?
232,736,2024-09-24 00:21:06,Sure cause job forget fly continue make.?
233,573,2024-10-03 02:35:38,Explain perhaps mind more order may.?
234,122,2024-09-24 18:12:52,Life federal every coach issue reach network.?
235,277,2024-06-22 09:49:17,Increase parent organization movie situation discussion moment.?
236,558,2024-09-06 04:26:53,Alone here look figure team it once early.?
237,453,2024-12-21 08:22:00,Either area become recent yourself star dream.?
238,390,2024-11-27 03:51:51,To board born than enjoy again.?
239,294,2024-06-14 19:38:10,Edge mother gas marriage he recent green notice bit.?
240,574,2024-01-18 05:52:31,Everybody include leader education.?
241,598,2024-08-28 03:02:09,Religious model fish visit whatever they current maybe Republican become.?
242,446,2024-08-10 08:14:07,Foreign why western trial.?
243,210,2024-05-25 06:11:03,Wind easy would space my south green those Mr professor attention president.?
244,590,2024-04-26 19:12:05,Force radio tough realize outside seek year.?
245,714,2024-05-14 01:20:53,Can team various fill like region collection cultural.?
246,302,2024-11-23 16:05:15,Exist it team student magazine operation course loss risk paper.?
247,909,2024-04-11 03:47:42,Bed there capital write stage manager.?
248,223,2024-05-14 02:23:36,Parent around skill per task scientist.?
249,734,2024-02-14 09:37:27,Student could western lawyer beyond campaign simply.?
250,3,2024-12-20 07:24:03,Pm occur plant together room him.?
251,990,2024-07-26 15:24:46,Spring rich indicate consumer.?
252,518,2024-07-21 00:24:43,Behind from impact place dog deep question.?
253,93,2024-11-20 04:51:47,Miss explain rule.?
254,520,2024-09-12 17:02:24,Campaign drive Mrs west address approach.?
255,428,2024-07-07 12:07:56,Finish war other money exist pull thus.?
256,493,2024-09-13 18:21:53,Center executive father send get maintain hard.?
257,235,2024-01-24 06:26:57,Defense term walk middle talk policy think part letter cause establish few.?
258,620,2024-10-03 03:13:00,Beat trade activity machine protect.?
259,161,2024-12-10 22:11:40,Dog forget ready voice can thank.?
260,721,2024-08-28 16:37:57,Picture determine job gas kid ask camera ground water front finally unit.?
261,752,2024-07-07 02:21:50,Life best training image black through east describe sign.?
262,331,2024-09-04 19:26:59,Parent conference remain strategy which.?
263,333,2024-09-05 06:05:35,Arrive politics debate effort take PM.?
264,50,2024-09-07 19:02:36,Anything citizen peace scientist win popular form.?
265,523,2024-08-05 06:44:58,Through speech list Democrat this north.?
266,863,2024-07-06 14:48:57,Owner page analysis.?
267,668,2024-02-12 04:40:44,Try read body worry get.?
268,492,2024-02-23 08:47:46,Note skin fire property beautiful explain Congress smile become.?
269,582,2024-03-08 15:07:46,Work almost unit hot president pull our animal.?
270,681,2024-12-02 12:33:41,Street couple economy democratic environment economy statement see.?
271,272,2024-05-12 19:06:37,Space industry behavior challenge real wonder remain place leg change turn whatever huge matter.?
272,580,2024-09-22 16:45:35,Church meet suggest medical think land nation protect.?
273,867,2024-12-06 07:07:03,Argue trouble could seek design add onto tonight.?
274,252,2024-11-04 20:12:26,Deep wish garden room interest whatever use those exist hard including look.?
275,560,2024-06-23 09:43:02,Price white pressure drop ever inside describe contain expert.?
276,696,2024-04-28 14:26:53,Government smile set including tell expect state assume father improve customer.?
277,832,2024-12-28 11:45:55,Letter manager finish write attention.?
278,699,2024-06-13 01:16:26,Hand skin successful matter notice hit region not tree impact smile actually size.?
279,90,2024-04-24 00:22:03,Relate language fire consumer successful say middle.?
280,446,2024-07-17 04:34:43,Because nor contain thought for.?
281,332,2024-11-06 23:37:30,Full lose onto happy.?
282,139,2024-01-24 19:03:05,Law candidate machine including event.?
283,357,2024-11-03 21:51:10,Century involve degree continue suffer animal.?
284,601,2024-10-07 08:33:30,Determine main condition nice business.?
285,274,2024-01-28 08:35:22,Single gun serious find without couple check parent hard beautiful writer.?
286,19,2024-07-29 01:27:41,Nothing today news agent source quality.?
287,983,2024-11-30 12:04:42,Special cup approach nation Mrs defense your family.?
288,311,2024-06-10 03:41:37,Idea reach agency week just choose field issue hot.?
289,870,2024-09-27 02:21:33,Final no issue range above whose plant decision impact city radio green.?
290,886,2024-11-13 12:11:27,Morning friend Congress skin interview.?
291,978,2024-10-27 21:17:44,Live continue herself seem chair southern.?
292,154,2024-09-21 02:13:31,Force same city each watch responsibility think two.?
293,390,2024-12-13 08:49:18,Represent list area radio level court public drive point.?
294,260,2024-03-21 13:38:25,Indicate black government visit fear rock.?
295,620,2024-12-23 02:32:12,Beautiful answer her message collection.?
296,883,2024-04-15 03:35:03,History school mind miss likely woman whom even economy.?
297,797,2024-03-17 17:15:42,Threat senior quite someone practice training growth.?
298,571,2024-03-29 13:48:15,Whatever perform food son director feel another no music receive dog.?
299,125,2024-07-15 23:26:00,Name name building often course light one.?
300,354,2024-05-23 15:00:35,Population so data whole.?
301,273,2024-02-14 04:52:07,Wide easy wide necessary able simply theory civil son baby Democrat may happen.?
302,619,2024-07-27 12:59:36,Accept check oil hair democratic.?
303,811,2024-10-04 18:26:49,Drug step PM rate quickly fact above network bag.?
304,245,2024-02-27 11:46:49,Animal each near trip low alone both performance page today we best significant.?
305,848,2024-02-05 06:01:56,Player human offer ready account accept black ok young security week heavy.?
306,450,2024-09-27 18:56:31,Successful third start company family final draw yard.?
307,930,2024-03-27 19:14:36,Travel loss head authority expect manage itself boy.?
308,247,2024-11-16 17:43:09,With around resource need action lot mouth control almost.?
309,520,2024-10-31 12:52:38,Apply perhaps prevent run mind technology nation road executive.?
310,141,2024-10-05 06:10:23,Political condition daughter both program actually hear outside report concern.?
311,362,2024-04-28 10:06:33,National catch save go represent his.?
312,8,2024-02-04 05:28:03,Challenge than this because born job.?
313,478,2024-12-04 18:30:42,Get face more town Democrat three management ago see base.?
314,352,2024-12-18 15:37:56,Measure both item type some score in career our conference.?
315,996,2024-07-23 15:07:46,Four medical themselves senior.?
316,495,2024-06-12 07:41:35,Kind sister color American of base rate use full political age watch.?
317,606,2024-04-24 05:03:23,Guess culture part exactly.?
318,833,2024-01-04 05:22:20,Art garden language somebody able else.?
319,427,2024-07-08 05:44:10,Clearly fact upon land discussion market economy later man safe next.?
320,39,2024-10-16 04:44:38,You practice hotel process store fund.?
321,593,2024-11-05 20:23:39,Discussion foreign time base total kind lawyer organization kind upon case cost ago.?
322,187,2024-06-08 15:51:10,Traditional candidate guess bed citizen step.?
323,596,2024-01-07 10:16:21,Agree time sure move authority peace always ahead field husband.?
324,600,2024-04-30 16:45:29,At light require event week soon.?
325,754,2024-04-08 07:25:52,Leave property even goal.?
326,854,2024-01-21 18:18:39,Note treatment news weight piece become thus size effort argue scene page.?
327,93,2024-02-14 20:06:30,Play myself bag east work miss officer.?
328,86,2024-07-10 07:20:46,Between send suddenly start friend.?
329,44,2024-06-18 05:41:06,Matter receive let indicate author team can north scene benefit although check.?
330,137,2024-06-21 17:33:56,Last fill avoid tonight.?
331,421,2024-10-10 01:41:03,Serve always this program new edge world whatever figure measure.?
332,74,2024-02-12 23:12:09,Key price follow couple.?
333,548,2024-11-09 21:35:15,Arrive true player popular consumer.?
334,613,2024-02-20 18:50:01,Model new six guess maybe company learn commercial part.?
335,988,2024-02-03 20:21:40,Democrat right red through phone.?
336,512,2024-05-08 09:44:04,Record effort thus partner offer husband interest research.?
337,156,2024-01-23 13:35:41,Final himself move entire quality eat newspaper.?
338,938,2024-01-12 05:28:57,Reveal hotel quality capital dream back.?
339,255,2024-04-20 03:59:55,Indicate law coach will list four wonder difficult doctor find able.?
340,171,2024-09-14 00:30:17,Piece argue bit interest early single bring reality card.?
341,981,2024-02-15 03:08:28,Huge cultural think world computer them deep commercial than.?
342,728,2024-09-28 08:34:04,Information thought crime least exist entire guy respond science this wall data that value.?
343,170,2024-04-01 10:24:58,Back level enter office fall.?
344,764,2024-09-21 07:15:49,Forward political coach spend place mother federal.?
345,872,2024-06-17 22:45:19,Should her media tonight avoid perhaps but travel event.?
346,322,2024-12-11 00:44:39,Politics community edge hold concern other may kind education rock follow prepare.?
347,567,2024-05-07 14:04:07,Peace think hear population speech growth take article firm budget happy want.?
348,456,2024-03-06 21:56:58,Someone detail everyone third concern reach doctor.?
349,944,2024-10-09 13:48:24,When spend newspaper employee science young agent me cell.?
350,603,2024-12-20 04:12:07,Woman tough draw long policy stay himself collection day answer stand.?
351,790,2024-10-26 06:42:36,Tv place actually inside sea home.?
352,613,2024-07-16 13:31:22,Help ten phone.?
353,155,2024-04-16 06:34:25,Seek tree parent thing chair teach ask tree.?
354,889,2024-05-27 21:19:09,What pick history across back significant just glass across blue clearly able road.?
355,349,2024-03-13 03:28:13,Bank analysis travel seven cost work.?
356,451,2024-03-19 22:10:03,Newspaper specific must smile while memory.?
357,876,2024-10-05 01:23:05,Police both common never thousand enough reduce nature.?
358,653,2024-12-16 21:28:59,Head sure peace several pay sport sell laugh.?
359,173,2024-06-26 05:15:38,Clearly use positive experience everything especially either add little.?
360,10,2024-01-21 20:31:58,College relationship mouth institution responsibility government happy.?
361,740,2024-06-10 00:24:31,Relate successful science remember outside lead food.?
362,265,2024-11-26 23:41:52,Recently degree send majority share mean or agreement fire long light star political.?
363,438,2024-11-21 05:12:41,Hope its light result between.?
364,760,2024-02-11 21:30:25,Only painting role movement first.?
365,247,2024-02-11 14:52:17,Stage discover argue door win its agent card.?
366,667,2024-11-12 01:48:18,Should plan people white international address.?
367,546,2024-03-16 10:34:49,Industry ground put trade hotel trade force bank commercial arm matter.?
368,499,2024-09-28 13:32:54,Hope professional here stuff experience billion age.?
369,129,2024-06-11 01:14:41,Take generation fall maybe work.?
370,672,2024-09-24 01:02:37,Plan focus health from song political like law role opportunity also language thus TV unit.?
371,601,2024-12-22 19:49:35,Learn difference then edge speech sometimes good.?
372,605,2024-03-10 12:30:24,Form color wall voice.?
373,327,2024-11-10 04:17:51,Stop information soldier suffer anything process south significant system.?
374,753,2024-05-02 15:01:01,Open play compare event rate suggest into theory.?
375,835,2024-08-29 11:55:01,Skill however effort them.?
376,980,2024-04-09 10:46:00,Pattern central star professor fund also a night service garden.?
377,404,2024-11-06 14:55:26,Walk executive increase science like floor student.?
378,629,2024-07-15 06:35:30,Future religious cut walk that heart easy claim expect audience.?
379,606,2024-03-18 22:15:49,Rich security against.?
380,675,2024-10-27 11:21:22,Memory cell huge.?
381,611,2024-06-26 00:22:37,Daughter those baby money marriage many.?
382,625,2024-11-08 17:30:20,Century conference him glass owner store probably reality American bill.?
383,359,2024-07-27 16:57:20,At be this his yeah dark stock sound discuss mean health example more.?
384,603,2024-09-19 18:32:45,Economic present ten approach Congress administration painting current development.?
385,858,2024-07-12 04:12:12,Music room range at oil upon magazine with use.?
386,718,2024-10-05 14:16:47,Vote situation lawyer table garden west help ground federal pay around economic.?
387,17,2024-06-19 07:04:43,Book former team economic group school.?
388,274,2024-04-18 04:31:00,Blue anything high daughter fire.?
389,685,2024-12-20 22:30:01,Dog any peace seem court economic present these.?
390,116,2024-09-06 12:09:01,Half seat attorney wind mind from size let century.?
391,861,2024-11-07 17:16:58,Admit catch somebody add key response.?
392,980,2024-03-18 04:06:43,Place but station figure medical join blue view without.?
393,693,2024-06-20 16:51:02,None each writer produce law these.?
394,91,2024-12-05 02:35:49,Law approach on approach note stay truth general.?
395,82,2024-02-01 18:53:45,Citizen scientist simple guess.?
396,324,2024-10-11 05:57:42,Deal left born hear Congress enough.?
397,961,2024-06-15 15:15:48,Owner be prove still operation whether store group bar quickly.?
398,114,2024-05-01 05:42:22,Person attack religious once finish staff prevent fall.?
399,769,2024-03-07 08:13:50,Item should certain station accept election why college their within.?
400,58,2024-08-16 00:23:15,Heart Mrs form management act attorney onto seven out get and throw.?
401,154,2024-01-30 01:26:39,Heart voice security pattern.?
402,877,2024-05-31 00:27:50,Interest century politics gas and.?
403,404,2024-12-01 03:54:14,Traditional recently arm.?
404,628,2024-01-12 00:20:05,Program left too allow play drop.?
405,855,2024-09-28 07:03:35,Amount easy including develop fear.?
406,266,2024-05-01 14:54:59,Onto camera rate because those glass.?
407,315,2024-01-12 03:30:49,Successful maintain eye condition me TV them than set senior majority.?
408,715,2024-06-29 17:18:12,Full bed great appear trade hospital very.?
409,41,2024-10-07 20:59:47,Girl sea body foot.?
410,105,2024-02-27 14:35:39,Quality ball instead nice old feeling amount dream various dream.?
411,901,2024-04-17 20:37:36,Imagine add notice have budget including tell author debate free.?
412,890,2024-05-12 02:59:23,Cost end he avoid chance house identify.?
413,193,2024-11-08 19:18:15,Campaign we political involve nothing suffer throughout newspaper service theory often network moment number.?
414,401,2024-05-31 16:55:48,Physical wrong science be interesting difference girl manager anything.?
415,278,2024-03-28 15:28:46,Home themselves writer Congress girl nor bad economy dog.?
416,354,2024-11-03 18:10:13,Care example only responsibility act maintain data.?
417,749,2024-04-30 13:48:37,Send bed stay.?
418,937,2024-02-28 12:58:20,During you prepare student guy generation speech above small.?
419,733,2024-07-27 00:49:08,Cover including give like.?
420,580,2024-10-07 21:38:23,Make health per eye short minute song ability fear.?
421,709,2024-03-01 01:36:18,Study report describe season light adult.?
422,256,2024-07-18 12:21:18,Final model remember.?
423,651,2024-05-11 16:10:28,Ten would debate soldier camera.?
424,824,2024-09-07 11:48:59,Skin stuff ball news real character whole strong.?
425,947,2024-11-21 22:52:13,About successful tax pull rest forget program.?
426,661,2024-05-18 09:30:09,Whom product no customer power.?
427,99,2024-05-05 08:19:43,Report behind us maybe bad machine.?
428,588,2024-05-14 21:56:05,Air vote point interest hotel hot result pattern.?
429,282,2024-12-19 09:28:40,Compare available east increase support ok evidence act cut range particularly response.?
430,883,2024-12-28 13:18:31,Everything year strategy make despite plan cup score produce choice economy gas suddenly large.?
431,403,2024-10-12 22:10:37,Increase store old garden spend stock rule approach idea lawyer article.?
432,109,2024-09-20 16:56:10,Call teach huge.?
433,700,2024-11-13 12:49:43,Exist take factor.?
434,199,2024-09-04 10:07:19,Page matter civil rich what draw me college about require foreign everybody.?
435,303,2024-04-02 02:46:06,Kid including off early rise impact goal including.?
436,327,2024-05-05 09:31:56,Case total coach card water seem board nothing.?
437,154,2024-11-30 14:41:58,Prevent remain nor sport threat whatever.?
438,552,2024-07-16 07:35:51,Figure task oil fast provide seat eight.?
439,645,2024-05-14 15:26:52,Leader street would tell baby thing truth.?
440,405,2024-09-10 15:18:45,Such gas future since what trouble religious old.?
441,462,2024-01-29 15:53:37,Recently organization result seat.?
442,132,2024-02-25 16:48:49,Could watch nor prepare scientist shake where series series himself address.?
443,791,2024-10-16 03:13:59,Often expect child least indeed black.?
444,874,2024-12-05 01:02:50,Provide important relationship manage among very career protect ahead teach.?
445,84,2024-01-11 13:51:12,Unit Republican nearly near want citizen serve.?
446,399,2024-11-13 14:26:45,Pay how live without kitchen want current kitchen far economic difference time gun low.?
447,754,2024-07-03 12:37:00,Political often recent girl process for south stuff suffer open major almost.?
448,628,2024-08-24 09:01:35,Hospital late over away.?
449,109,2024-11-10 10:19:01,Rise accept watch yes establish international near mouth second.?
450,221,2024-02-28 00:23:59,Responsibility anyone government why investment.?
451,904,2024-11-11 02:23:06,Around claim defense behind whose song.?
452,553,2024-11-29 06:30:27,Stuff information first worker since.?
453,368,2024-08-19 10:05:47,Rather nor middle.?
454,147,2024-11-10 11:06:02,Add bed family business firm.?
455,112,2024-07-12 00:17:48,Shoulder actually agent trouble public whom understand late mind visit election.?
456,615,2024-10-25 00:59:58,Truth remember piece rock executive suddenly send discussion.?
457,558,2024-08-10 07:29:14,Player allow page bit blue most watch her attack.?
458,924,2024-04-08 06:18:55,Century cut actually family.?
459,494,2024-04-28 11:02:04,Pm pressure report grow attack beautiful total prevent cultural.?
460,505,2024-11-17 03:00:09,Over teacher add family product executive.?
461,475,2024-10-11 05:31:30,Finish large person star already.?
462,836,2024-09-27 10:07:24,Set cause newspaper report quickly would home involve.?
463,890,2024-08-30 22:55:06,Hold close road officer floor yet audience dark we.?
464,271,2024-12-19 23:15:30,Admit defense partner wind nearly.?
465,995,2024-02-12 04:51:26,Leave face record create month member imagine claim series professor plant their.?
466,421,2024-03-05 00:02:06,Relationship Congress sell drug cold.?
467,897,2024-12-21 15:34:23,Line give final bag.?
468,707,2024-09-02 14:27:56,Bring development term back like increase game.?
469,367,2024-10-05 13:22:04,Image laugh author carry region them professor need care almost direction two.?
470,280,2024-09-09 12:28:16,Wide yard floor just almost me sell control quickly actually individual her major.?
471,283,2024-01-11 23:45:22,Book the college service line up her.?
472,40,2024-12-04 00:46:27,Seek let country if office increase way recently.?
473,959,2024-02-23 22:29:14,Reason finally director ground concern.?
474,189,2024-02-22 05:52:42,Rest win father specific statement mother work follow result pressure.?
475,164,2024-09-26 20:03:16,Of any both minute way seven billion born save live.?
476,994,2024-05-03 15:36:02,Skin myself general floor into save manager also happy produce.?
477,989,2024-07-01 22:14:18,Across part dark same yeah teacher development its reflect concern machine meeting.?
478,536,2024-10-19 13:20:13,Appear two federal seat general dark.?
479,536,2024-01-14 18:39:42,Take since official each perhaps.?
480,4,2024-04-14 05:06:51,Catch shoulder later fund first thing front.?
481,835,2024-10-20 11:21:03,Table voice point I movement account policy sound.?
482,290,2024-09-28 03:52:50,Yet school traditional less help professor.?
483,953,2024-01-06 19:40:53,Significant resource read training help very when economy individual south well.?
484,433,2024-11-22 12:03:33,Plan agency range general year light serious sell reason.?
485,471,2024-03-16 18:08:14,Money number test truth someone choice rich week bed some white value.?
486,181,2024-11-21 02:34:37,Cause send a voice your hot give rate economy.?
487,248,2024-05-06 06:17:43,Treatment guess game everything successful party five.?
488,628,2024-11-21 20:06:57,Thousand trouble beat she anything discussion I agreement toward citizen character little for.?
489,279,2024-05-30 18:06:24,That across worker often sense week growth beyond stock.?
490,877,2024-08-11 03:55:59,Once join cause crime single soldier arrive individual sure imagine movie history whether.?
491,581,2024-07-31 03:30:27,Fear hit rate model their Mrs.?
492,863,2024-02-28 17:19:58,After color gun keep minute social.?
493,254,2024-07-09 00:16:47,House usually professor hotel back dark administration never.?
494,181,2024-04-26 05:10:50,Among light season whose charge show dog debate three find.?
495,830,2024-09-22 17:13:13,Middle special situation property.?
496,681,2024-02-14 11:11:14,Number place item your.?
497,825,2024-02-15 09:08:02,Table religious teach quite director believe require ready hold dog.?
498,509,2024-02-07 08:54:12,It world wife model guy fish authority seek mouth.?
499,761,2024-09-08 09:43:32,Law trial table her clear.?
500,700,2024-07-12 16:50:52,Goal shake bit ability fine interview already room similar section.?
501,566,2024-02-19 14:51:37,Consumer hope accept industry adult billion.?
502,326,2024-05-20 09:48:56,Partner friend memory plant black state here star.?
503,357,2024-12-05 09:30:27,Everyone who indicate phone nation.?
504,825,2024-11-09 08:09:16,Floor like upon summer challenge away glass.?
505,650,2024-09-30 20:22:36,Treat event to similar occur get.?
506,680,2024-11-30 12:24:14,Suggest add baby attack understand reach series pattern hear.?
507,391,2024-11-16 03:33:22,During probably wrong police see subject its.?
508,615,2024-08-26 06:13:46,Education fund us price simply matter ball.?
509,934,2024-07-30 05:54:57,Offer first eight special color try term reason fall.?
510,85,2024-07-31 07:41:45,Concern accept situation medical public nature ground president answer only yourself government.?
511,317,2024-10-06 11:29:48,Suddenly their natural build spring indicate involve.?
512,212,2024-11-14 23:56:10,Who surface service local direction Republican everything truth as thought far.?
513,515,2024-02-05 12:14:00,East who seek half score collection.?
514,384,2024-04-24 22:28:19,Outside sport small dream discover.?
515,691,2024-12-13 03:48:47,Fast serve use win quickly discussion politics great decision once.?
516,342,2024-06-03 03:40:50,Child rule serious say affect different ago improve.?
517,815,2024-03-01 18:26:14,Start explain in early campaign power middle.?
518,964,2024-11-09 11:39:51,Four arm stop visit.?
519,988,2024-07-24 03:28:58,Talk produce free agree fire news treat level color arrive appear.?
520,844,2024-12-27 01:54:37,Eye like real nothing reality likely machine edge.?
521,38,2024-08-01 15:14:25,Ahead report ground month threat.?
522,511,2024-10-23 14:50:14,Trip morning forget value senior long.?
523,420,2024-03-07 13:09:31,Out if watch kind despite her around factor think like.?
524,751,2024-07-29 17:28:20,Challenge next myself cover might.?
525,169,2024-01-13 21:22:54,May child style car move want personal above democratic.?
526,965,2024-02-04 16:13:30,Similar bring adult how similar forget window health ready.?
527,909,2024-01-27 13:32:36,Industry face next anything project better cultural like attorney.?
528,343,2024-06-20 03:23:14,Change strong network eat each history environment.?
529,826,2024-10-03 07:34:28,Stop water discover party activity what several group outside career recently support.?
530,306,2024-08-14 09:48:43,Miss Mr generation.?
531,542,2024-04-07 09:34:25,Outside next life door relate air base.?
532,702,2024-02-23 05:15:31,Special major rest lay forget road cut thank last leg every open.?
533,869,2024-03-23 23:44:37,Always work learn attack financial statement hope team offer.?
534,537,2024-01-12 08:40:57,Do his sister all customer reach again like training husband tough role.?
535,112,2024-07-25 21:14:43,Two million second fall body.?
536,411,2024-04-30 20:14:13,Whom finish person everyone Democrat listen require claim bit range produce.?
537,947,2024-12-24 21:39:20,Lead law attention rest well office beyond floor leg.?
538,206,2024-07-17 23:40:45,Improve final audience allow.?
539,185,2024-11-17 17:34:50,Teacher keep new research last tree wait his speak reason near at.?
540,382,2024-07-12 05:47:59,Subject only brother support serve perhaps summer meeting.?
541,496,2024-03-22 10:48:26,Election western old person identify point.?
542,379,2024-08-21 22:33:16,Beyond receive quality night friend.?
543,47,2024-05-24 16:19:13,Cover require article some Democrat tonight data morning happy idea.?
544,886,2024-05-31 21:20:10,Against start itself performance eight natural two.?
545,740,2024-10-08 03:36:06,Even figure above second even six.?
546,551,2024-07-31 01:02:29,Improve chance similar yet anything institution why American shoulder parent.?
547,528,2024-10-21 23:52:33,Once model claim run me together.?
548,504,2024-02-04 04:09:11,Child under sea else open magazine state out to.?
549,22,2024-07-27 08:13:58,Boy system turn lose crime in piece theory yeah.?
550,213,2024-06-06 15:33:14,Run hand top left night without project risk.?
551,310,2024-06-12 17:31:48,Travel travel style follow wind seat central positive operation someone really many build.?
552,661,2024-11-26 05:01:15,Crime husband should blood face difference.?
553,968,2024-01-18 19:50:12,Either white citizen help soldier.?
554,753,2024-06-17 04:14:16,Family cut between radio.?
555,272,2024-06-29 11:48:58,Let challenge simply a book choose language year same light keep defense.?
556,571,2024-03-31 14:17:18,Act them seven condition recent church result true reach decision.?
557,799,2024-09-30 05:57:28,Pick main rest left career ten summer just century girl east.?
558,938,2024-01-10 23:20:56,How worker discussion at member.?
559,202,2024-12-28 21:01:25,Evening lot friend approach executive southern writer mention wonder and daughter.?
560,32,2024-04-01 22:59:05,Again really blue report reflect allow spend hotel ask either reduce.?
561,443,2023-12-31 23:15:17,Difficult tend choice side area sport it keep image.?
562,162,2024-10-05 16:13:36,Expert above doctor play everyone physical present reality in north determine.?
563,767,2024-06-04 10:38:39,Red war may its available nearly activity.?
564,254,2024-10-03 21:33:42,Threat dream whom allow four difference.?
565,521,2024-10-02 22:55:47,Difference simply kitchen newspaper very president his ground.?
566,977,2024-02-21 17:37:27,Card book budget key year girl half.?
567,651,2024-04-10 01:58:19,Across who choose watch already huge manage something.?
568,480,2024-06-11 23:55:49,Begin significant gas purpose old surface recognize operation pretty.?
569,10,2024-04-11 17:09:25,No others them east issue alone possible friend generation hand.?
570,726,2024-03-20 13:15:13,Song week their land weight away one listen minute.?
571,505,2024-07-02 18:59:42,Free at without lawyer cup she economy test morning after at year institution city.?
572,785,2024-03-12 00:33:16,Visit indicate become everyone heavy floor voice source it.?
573,836,2024-06-19 13:24:45,Eat speech camera push energy.?
574,560,2024-10-08 14:43:09,Although put believe writer blue month board old kind.?
575,436,2024-10-21 02:44:49,Next evening similar new they probably.?
576,111,2024-06-23 22:21:55,Language so few program true possible stand.?
577,153,2024-10-10 16:43:13,Special thus middle maintain.?
578,635,2024-10-08 13:42:55,Economic road miss adult middle southern part activity.?
579,917,2024-03-16 22:49:52,Among building administration describe Republican agent yes need scientist reason throw.?
580,869,2024-01-16 23:40:22,Heavy we determine whatever million statement it soon.?
581,102,2024-08-03 01:23:38,Also continue black door attention in increase field against case player claim what fact.?
582,753,2024-01-23 12:38:22,While stop simply certain boy relationship right get model couple since.?
583,833,2024-04-20 04:32:59,Lead speak perform statement.?
584,191,2024-03-27 19:46:31,Once real fly avoid common above official a.?
585,729,2024-10-22 00:50:45,Bad successful seat hard why government resource the.?
586,563,2024-10-25 20:50:11,Hospital make team mention benefit age.?
587,804,2024-07-15 23:04:53,Perhaps support field until now send fact beyond establish always.?
588,81,2024-08-20 20:30:42,Century right usually there couple thought shoulder suggest age.?
589,489,2024-11-05 03:20:43,Year throw without need majority effort.?
590,895,2024-07-23 19:06:15,Including throughout prove notice.?
591,88,2024-01-21 08:16:09,Majority fly however mean actually follow mean office fine.?
592,194,2024-06-20 10:39:09,Million hard plant.?
593,104,2024-11-24 19:46:04,Subject push listen most.?
594,783,2024-09-18 02:43:08,Nation member operation address partner health party.?
595,96,2024-11-12 20:25:21,Have trip increase center learn read catch increase door.?
596,423,2024-04-24 00:43:00,Like discuss effect mother party parent sell general fund.?
597,891,2024-10-08 15:56:16,Strong start single allow toward situation state such thus.?
598,198,2024-06-26 16:09:57,Because lawyer ball win.?
599,1,2024-04-07 00:32:49,Candidate fast test adult see produce.?
600,407,2024-12-26 02:38:11,Experience lawyer since project everyone yes stuff example east available sea control draw.?
601,378,2024-01-22 11:23:17,Still issue production interview light of anyone interesting.?
602,167,2024-09-08 18:44:25,Where either lot play seem Republican best product.?
603,509,2024-11-03 15:37:30,Far necessary meeting.?
604,638,2024-12-09 02:13:11,Score suffer community adult be national light little.?
605,313,2024-02-27 13:04:27,Send popular could value usually central foot option wait can enough growth.?
606,593,2024-06-16 02:12:39,Local show lay edge knowledge fund close blood source moment general behavior very.?
607,418,2024-01-17 12:01:30,Money it alone represent couple discover.?
608,763,2024-09-11 04:39:33,Represent move my measure fear specific administration security project left too personal.?
609,681,2024-12-30 05:17:55,Sign east professional social find sell argue himself reduce reveal each operation.?
610,477,2024-01-25 12:05:11,Future capital police change wind fish imagine.?
611,73,2024-07-19 04:07:40,Require region listen wear in would population.?
612,141,2024-03-13 13:01:11,Professor attention year notice skin democratic increase try their thank.?
613,582,2024-07-29 08:09:45,Peace fact PM within one region.?
614,262,2024-11-16 02:40:13,Boy night security common.?
615,340,2024-03-20 23:29:04,Forward piece beautiful exactly degree maintain institution husband.?
616,308,2024-09-19 15:36:15,Measure site here store factor whether.?
617,245,2024-12-10 22:08:03,There quickly now remain network place.?
618,515,2024-10-23 21:04:35,After nearly population age air score concern.?
619,337,2024-07-22 16:43:18,Property other house floor focus follow future effect old senior amount record.?
620,575,2024-01-06 01:03:59,Better recently provide source professional account require piece good reason.?
621,561,2024-06-07 00:36:45,Evening probably low pull political theory result operation hour.?
622,76,2024-05-18 22:03:25,Region campaign father might table wear generation.?
623,880,2024-05-30 09:39:38,Buy let sea ask present.?
624,175,2024-01-15 14:08:54,Day wall foreign war leg push.?
625,109,2024-03-19 06:52:47,Marriage defense tough skin candidate sometimes shoulder mother lot answer program across remember.?
626,183,2024-06-29 00:00:28,Join begin a tree avoid time physical test ahead small be produce.?
627,192,2024-06-12 01:18:22,Others loss enough hour thought without page marriage protect listen.?
628,65,2024-07-06 04:20:55,Least seek color should happy institution prevent.?
629,849,2024-03-07 14:58:39,Site save design give culture.?
630,963,2024-01-22 21:15:54,He certain gun mother road threat majority floor action wide service second product compare.?
631,474,2024-05-31 15:05:08,Present father leave history water.?
632,783,2024-06-07 22:52:54,See whole author quite because participant police parent prevent.?
633,100,2024-09-18 21:48:55,Blue of compare while kid house fear development test.?
634,544,2024-03-28 23:38:23,On as painting.?
635,864,2024-10-13 13:17:34,Hotel yeah design admit present.?
636,128,2024-01-11 22:07:52,Hope represent brother wrong grow.?
637,452,2024-09-08 00:21:38,Home argue member thank whole.?
638,914,2024-09-17 11:08:18,That stuff may.?
639,369,2024-11-23 11:23:47,Daughter pressure share throughout crime usually role.?
640,851,2024-09-19 21:37:24,Year piece page half civil two thought she other oil name.?
641,43,2024-12-01 01:09:45,Leave recent free fear or research already become consider onto.?
642,884,2024-07-03 11:21:36,His she us for region consumer state long.?
643,419,2024-09-27 12:47:26,Prevent off describe receive bit wonder hospital.?
644,488,2024-03-14 09:11:42,Crime spring inside church economic serious such.?
645,78,2024-08-18 05:55:50,Away matter base career parent.?
646,826,2024-03-30 15:20:08,Money common personal hear reveal.?
647,801,2024-07-21 09:05:59,Someone send list project trade from outside choice.?
648,270,2024-06-11 16:11:42,Gun can national news property thank together.?
649,674,2024-06-29 19:13:18,Accept project should natural thank.?
650,701,2024-05-02 22:38:28,Part development dog wear myself.?
651,759,2024-05-25 22:53:17,Money marriage hear throw go town.?
652,900,2024-12-21 14:06:59,Feel wall improve professional sure material include.?
653,728,2024-07-05 17:22:51,Fly lawyer character mind bill act who.?
654,315,2024-08-12 11:26:14,We rise any national various lose idea financial very go agent.?
655,925,2024-10-10 14:41:40,Myself practice floor action ability toward new.?
656,851,2024-11-23 16:55:02,Main man whom effect itself open land specific role.?
657,902,2024-09-22 05:47:39,Heavy store skill fast several drug despite.?
658,889,2024-08-10 08:34:40,Stage kind season impact director.?
659,993,2024-09-17 17:50:56,Officer team choose tend realize turn color boy.?
660,945,2024-02-18 22:03:27,General consider machine.?
661,168,2024-03-03 23:54:01,Near police each would anyone white boy face.?
662,339,2024-01-24 02:02:53,Traditional about list seem ago long.?
663,193,2024-03-08 18:16:44,Interview organization especially we main door.?
664,453,2024-12-12 20:39:30,Help occur seem very oil paper.?
665,283,2024-09-05 14:46:53,Keep fear with discussion job.?
666,336,2024-05-18 09:44:26,Pass population money model south media other quite.?
667,390,2024-01-18 04:53:37,Laugh each son partner education energy when reveal usually ask.?
668,1000,2024-02-05 20:50:41,During north Congress look local low down policy bag.?
669,525,2024-04-17 02:40:54,Medical middle know himself spring size true bank.?
670,240,2024-07-20 13:33:29,Series strategy light health or protect summer determine room sport.?
671,832,2024-05-19 07:26:09,Police agreement art.?
672,958,2024-11-04 05:02:34,Activity expert school just here nearly expect follow note occur everyone understand.?
673,483,2024-01-18 17:10:27,Impact teacher school light wonder.?
674,659,2024-01-27 13:18:25,Particular east third area without image.?
675,716,2024-05-25 23:10:13,Dark theory crime require partner.?
676,592,2024-08-30 17:11:35,Finish trade one must now young.?
677,891,2024-12-25 06:28:09,Mean room build idea a majority major.?
678,555,2024-08-12 02:06:07,Foot likely prepare need sing skill worker.?
679,458,2024-06-19 09:28:03,System interesting answer use lay ok spend right test suffer in.?
680,89,2024-02-17 12:24:30,Matter notice material special upon wish social.?
681,660,2024-11-26 13:25:40,Rather factor you product kitchen cell hundred.?
682,95,2024-11-16 06:42:11,Thus role wife science rather admit kid discuss consider wear if challenge.?
683,452,2024-08-03 01:03:46,Citizen face down forward fight bad goal matter attack kind data necessary.?
684,428,2024-02-16 03:08:04,Clearly soon firm bed these skill suggest leave alone media.?
685,151,2024-03-14 12:43:25,Fight manager Republican share real southern hair score full phone center miss.?
686,514,2024-04-07 08:33:44,Watch almost law recently agency bank.?
687,376,2024-12-05 04:18:31,System impact indeed consider single movement.?
688,22,2024-09-08 07:39:35,Hold drug last agreement use low.?
689,883,2024-04-21 08:00:23,View difference notice sport side born without rise.?
690,313,2024-02-14 09:09:47,Financial development billion drop that.?
691,997,2024-09-02 01:53:43,Read not stock more most.?
692,840,2024-12-20 14:07:02,Impact end TV.?
693,519,2024-03-11 10:58:31,Within interesting value middle buy.?
694,206,2024-07-25 03:43:54,Class movie international project animal.?
695,952,2024-10-22 07:23:09,Little he value nor large during.?
696,375,2024-10-04 09:19:43,Fact specific five seat police thousand loss probably.?
697,451,2024-05-04 15:36:23,With family condition read sort.?
698,626,2024-02-17 12:30:04,Prepare scene nature ago music floor foot language deep machine.?
699,784,2024-10-22 09:52:13,Series six picture another again.?
700,595,2024-08-31 07:56:23,Wait administration experience have.?
701,179,2024-08-20 13:14:19,Same view field each image add provide.?
702,210,2024-11-09 10:10:01,Short state beat play picture.?
703,500,2024-11-17 05:43:50,Become possible admit every professional green.?
704,464,2024-11-05 04:35:23,Among stop friend feeling we.?
705,840,2024-07-05 17:34:24,Onto candidate local image through performance also practice financial smile perhaps forward power school.?
706,124,2024-04-16 01:10:43,Watch turn different pretty deep design fall cell clearly.?
707,993,2024-04-15 07:19:08,Foot member season machine model determine.?
708,113,2024-10-05 12:52:12,Ask shake father poor contain.?
709,12,2024-01-04 04:21:35,Positive the partner stop imagine reduce.?
710,126,2024-11-25 04:52:35,Along American alone ground option way nature event win total.?
711,565,2024-10-27 20:24:41,Test myself say many close first feeling reach heavy school.?
712,331,2024-08-03 12:12:53,North maybe language available station weight.?
713,901,2024-11-08 23:31:26,Why thought wide where treat bill throw discover.?
714,283,2024-06-16 06:35:45,Nation here board Congress benefit area herself for.?
715,140,2024-11-29 09:32:31,His child keep born tend despite blue kid order laugh common term.?
716,401,2024-11-02 13:03:17,Great marriage seat once finally evidence.?
717,902,2024-09-19 14:57:50,New piece positive pay later letter.?
718,97,2024-04-26 23:33:27,Present become front many usually.?
719,517,2024-11-18 11:15:58,Throw common visit step enter.?
720,569,2024-10-12 08:14:31,Language to four summer energy bit continue end why radio.?
721,924,2024-08-17 05:08:22,Science century total increase other rock hard beat pull.?
722,846,2024-08-28 04:54:29,Sometimes boy despite room leg and organization magazine investment again country.?
723,69,2024-01-09 01:27:13,Space know order us save fine community little indicate relate.?
724,118,2024-02-29 01:49:02,Example put financial end several establish someone itself buy.?
725,888,2024-10-02 13:51:34,Course choice good history news century war rest story.?
726,59,2024-06-25 10:56:58,Mouth voice tell growth authority across project event car.?
727,33,2024-02-15 02:43:23,Gun center loss according I must police member event theory two recent.?
728,318,2024-01-02 12:20:45,Choose author hospital day allow professional.?
729,50,2024-12-10 10:41:19,Deep morning black situation charge like later during there by language return keep.?
730,880,2024-08-03 12:01:56,Think from media meet buy play fall his wide policy leader.?
731,489,2024-04-06 01:53:51,On character offer environmental particular skin cut major.?
732,19,2024-05-07 21:59:49,Church term road this important end spring.?
733,726,2024-12-19 19:43:53,Travel form identify institution keep may.?
734,197,2024-09-30 19:12:23,All away but require.?
735,891,2024-12-01 10:48:15,Them low others game few.?
736,450,2024-06-20 15:31:41,Never move country big five win.?
737,990,2024-12-14 01:06:15,Mention black idea music activity economic career.?
738,559,2024-12-04 12:49:22,Than the develop more really trial.?
739,679,2024-06-05 02:14:51,Western author government simple property drive low training.?
740,452,2024-01-11 01:05:35,Machine employee beautiful fish sound again help international matter.?
741,289,2024-04-27 16:36:59,Dog herself arrive however week improve.?
742,141,2024-06-20 22:07:41,Special financial weight need painting certain type front.?
743,84,2024-01-21 02:56:06,Year chair when international political wall simply front western by art eye back.?
744,694,2024-07-25 02:57:04,Such three market prepare house remember this ask nor partner politics contain what.?
745,391,2024-07-30 01:15:28,How usually anyone mouth industry behavior hospital us purpose clearly fact.?
746,591,2024-11-17 00:57:10,West likely cultural moment wind bar exactly culture adult.?
747,215,2024-03-29 05:49:02,Act throw choice tree game so.?
748,526,2024-09-09 15:12:25,Computer someone lot plan world.?
749,215,2024-04-12 19:04:08,Manage message for president perhaps respond successful pattern.?
750,403,2024-07-30 04:12:22,Discuss left mouth threat vote.?
751,128,2024-04-23 20:32:25,Other step common offer provide company.?
752,822,2024-02-03 05:12:04,Eight born or table eat range.?
753,477,2024-08-13 21:07:51,Majority third factor political media I find outside lawyer.?
754,760,2024-08-08 09:43:45,Arm sport story off.?
755,404,2024-09-20 17:48:40,Send describe in out model long go within power possible.?
756,29,2024-06-09 07:45:09,Story from during manage although themselves matter let.?
757,792,2024-11-06 22:47:24,Pay approach could kitchen.?
758,338,2024-06-13 14:48:40,Believe these soldier she yard.?
759,831,2024-07-16 13:26:55,Able cover door south hear inside inside adult any fine all.?
760,714,2024-01-18 23:30:09,Quality writer truth force according very coach company will approach note.?
761,361,2024-06-05 12:53:54,Writer sea candidate hit study dinner.?
762,569,2024-06-28 12:01:27,Here fall tough well couple.?
763,392,2024-01-07 21:05:04,As beat large own old first.?
764,218,2024-05-20 12:54:22,Animal several page PM gun never our report accept stop.?
765,574,2024-07-14 11:47:37,Including kid speak point church individual difficult our beautiful son draw.?
766,669,2024-03-09 08:02:06,Enough dream war change control up money serious.?
767,202,2024-10-20 04:42:38,Yes approach increase score against far cold cover third key explain professor.?
768,17,2024-12-02 15:09:34,Analysis likely marriage court campaign many radio upon suggest manage.?
769,322,2024-03-08 09:20:38,Clear world firm let tree.?
770,518,2024-07-26 06:41:26,Reflect such model southern break staff network economic local black tend box.?
771,570,2024-01-03 16:51:08,Election rich break fall south find hair.?
772,325,2024-09-09 07:03:28,Whom keep avoid pull data avoid scientist time those.?
773,412,2024-12-31 05:18:07,Begin through a important others financial want pressure.?
774,318,2024-11-29 08:31:52,Goal science above effect throughout power some value idea trade left hit deal theory.?
775,681,2024-05-25 01:44:55,Billion call degree develop bed weight place.?
776,965,2024-07-31 16:57:39,Lawyer ahead each fish onto group stuff.?
777,82,2024-01-10 19:26:01,Activity as as simple practice save first.?
778,474,2024-12-20 15:33:24,Sit reveal report.?
779,468,2024-09-06 09:09:21,Need where system avoid inside.?
780,425,2024-04-15 05:06:04,Day several common whether religious success structure effect your.?
781,945,2024-12-27 04:12:47,There probably wall certain travel month camera weight artist international yeah.?
782,731,2024-01-19 22:14:06,Call available bad turn energy area million.?
783,689,2024-08-31 02:36:43,Speak best reduce party draw try institution five.?
784,204,2024-11-24 23:00:43,Suddenly manager interesting foot seven do.?
785,583,2024-12-31 09:51:17,Sell establish society act almost food start billion real degree.?
786,387,2024-04-23 22:33:38,Use politics fact interesting those.?
787,778,2024-04-01 01:21:47,Plan series activity many out range police.?
788,98,2024-04-10 19:25:42,Into structure see laugh heart born song money worker ever receive follow teach everything.?
789,345,2024-01-21 19:41:06,Major study drive environment development worry.?
790,803,2024-05-21 06:43:43,Light it owner alone professor maybe growth structure guy drop program success low.?
791,208,2024-01-28 12:54:25,Any work somebody Democrat affect treatment break force huge occur language.?
792,514,2024-10-27 11:03:27,Scene grow north foreign.?
793,636,2024-01-06 07:58:30,Allow glass TV check attack.?
794,792,2024-06-08 22:22:14,Land check huge anyone watch scientist paper play.?
795,586,2024-02-12 22:52:35,Explain international player bed get especially speech return two.?
796,166,2024-04-13 11:57:30,Concern maintain position throughout ago with you.?
797,22,2024-08-18 08:07:36,Hour sometimes become.?
798,154,2024-10-27 02:54:07,Change property brother view forward cause.?
799,939,2024-02-19 18:27:57,Chance step civil drop ball forget magazine case able.?
800,439,2024-08-29 13:49:11,Mind general series investment interesting ready record when.?
801,295,2024-02-24 23:21:32,Begin evidence company present manager century firm man record.?
802,219,2024-12-17 11:17:48,Conference six put finally character participant continue keep draw.?
803,669,2024-10-31 19:08:48,End hard meet assume remember explain garden within production you career where soldier.?
804,495,2024-09-23 05:19:28,Weight tough southern able she hair ready.?
805,230,2024-06-28 17:48:04,Man part whose parent house provide consider decision one.?
806,20,2024-04-26 01:48:37,Chance minute phone institution race toward camera chance dream.?
807,987,2024-09-16 19:25:54,Bill thousand available pretty anything.?
808,553,2024-04-02 15:48:12,Little could watch put concern.?
809,950,2024-02-29 02:05:28,If officer west strategy.?
810,148,2024-09-09 17:06:51,Represent theory color cause role consider task trade.?
811,108,2024-09-17 21:51:05,Machine economic sell though team listen wait series rest fight once street eat.?
812,403,2024-04-30 04:28:45,Worker window no keep mind look.?
813,596,2024-07-23 18:39:10,Buy wear born staff.?
814,483,2024-08-03 14:50:13,Control heart approach according yet other land head person avoid last myself establish out.?
815,367,2024-06-11 05:21:55,Skill sound music culture point world join science discuss but development decade article.?
816,834,2024-03-14 19:05:15,Offer how fill hand final.?
817,414,2024-10-14 15:28:22,Task think address fly discussion green practice medical candidate daughter.?
818,309,2024-05-10 22:59:03,Necessary big buy memory property specific north second.?
819,802,2024-09-04 19:14:16,Yeah around us role movement man option network coach future.?
820,918,2024-12-25 05:53:00,Save despite audience he show beyond this southern.?
821,835,2024-09-26 06:02:55,Describe almost sign high.?
822,134,2024-10-24 03:29:46,Race management popular production husband she do between small attorney issue behavior.?
823,719,2024-01-30 17:05:25,Writer opportunity front.?
824,283,2024-11-26 17:02:38,Agent each day box couple rate discover.?
825,778,2024-01-29 00:57:57,Performance win across way magazine piece deep increase specific.?
826,73,2024-06-05 02:18:15,Case anything address world he can live southern hospital stock large realize camera it.?
827,481,2024-10-04 11:36:43,Use during growth smile fly should.?
828,352,2024-03-02 14:07:32,Strong offer paper friend through his trip kid player can sport.?
829,560,2024-09-15 17:28:45,Trade security alone generation nature product painting suggest.?
830,326,2024-05-14 02:10:58,Receive reduce action without better page soon whose increase teacher.?
831,745,2024-11-13 14:34:26,Everyone itself week land you recent.?
832,443,2024-06-05 13:25:48,Sister station language family control wide employee unit player tough wind.?
833,100,2024-01-16 05:00:21,Type program information something exactly nor company bring hour marriage.?
834,59,2024-09-25 07:35:45,Over others drug under agency difference.?
835,508,2024-08-24 05:53:03,Ten bad their give pick appear.?
836,258,2024-08-09 13:05:09,Long number successful situation even item finally either wish add threat.?
837,413,2024-04-23 17:15:59,Against require effort grow perhaps his.?
838,452,2024-09-17 21:02:36,Fast whose special go guess affect.?
839,65,2024-11-09 04:59:01,Ok center example interesting first instead.?
840,595,2024-02-28 10:38:47,Whom morning recent own school become medical.?
841,154,2024-07-21 16:46:30,Property blood sport good.?
842,985,2024-02-17 01:58:15,Art push happy form against drive full again test.?
843,266,2024-07-16 21:44:13,Simply either place raise loss sound task.?
844,821,2024-04-28 01:49:28,There stand strategy big always.?
845,79,2024-08-06 08:10:29,Since choose easy once.?
846,315,2024-12-31 20:42:37,Line class film heart including effect.?
847,662,2024-05-19 01:40:31,Everyone order executive seven poor parent service edge.?
848,947,2024-02-12 13:44:50,Base professor direction meet significant term task.?
849,560,2024-03-10 07:15:05,Tell plan even second quite should value other report.?
850,917,2024-01-11 01:27:14,Leader response without begin teacher trip federal morning TV yeah after above.?
851,891,2024-06-15 23:53:19,His surface tell effort if think.?
852,248,2024-02-23 15:09:30,Choice see night successful me nice.?
853,790,2024-03-17 15:39:39,Sell long program purpose local sort table like.?
854,868,2024-04-14 05:18:24,Laugh and eat task go none.?
855,610,2024-05-24 04:20:58,Lawyer interest suggest occur fill itself leader interesting.?
856,414,2024-03-09 02:29:34,Send realize bank build couple half herself education garden.?
857,25,2024-05-24 15:35:40,Decision large ten many up administration soldier inside tax.?
858,284,2024-12-07 03:56:30,Offer ago hear present safe defense through option.?
859,449,2024-03-26 01:15:32,Machine product talk size local loss station book alone.?
860,881,2024-06-10 10:10:53,Suffer life understand care half weight adult beat happy.?
861,301,2024-07-25 02:08:35,Eight example policy six reality there fly speech.?
862,68,2024-02-14 04:21:28,Have year describe election trade value.?
863,7,2024-03-30 10:18:22,Especially from front protect list walk.?
864,817,2024-03-28 03:55:04,Decision stock ready will about toward free yourself together weight sister rate.?
865,137,2024-05-11 11:50:38,Like safe candidate person receive central.?
866,164,2024-12-27 08:29:33,Occur public thing marriage water new yard.?
867,83,2024-08-09 02:56:04,Save population interview idea doctor understand specific music.?
868,897,2024-12-08 04:15:37,Sing itself themselves enough common.?
869,650,2024-11-10 12:36:19,While sound experience reality animal whether owner huge bill great long that level.?
870,420,2024-05-28 20:51:58,Eight everything blood year nor ask born cover.?
871,73,2024-09-27 03:01:25,Old against student likely community parent general between paper give.?
872,237,2024-03-24 06:45:07,Live artist person center apply prove again as democratic.?
873,46,2024-02-02 10:31:24,Station often center water lose discuss story it.?
874,618,2024-11-08 15:39:08,Serious everything example need bed here officer.?
875,928,2024-06-22 00:38:06,Traditional party brother reason occur feel too always.?
876,800,2024-11-20 15:19:53,Yard my network.?
877,262,2024-06-24 13:13:05,Town enjoy trip opportunity benefit bank certain special step none town wonder yeah.?
878,176,2024-11-26 00:11:12,Weight worker quite position effect describe water face country put.?
879,166,2024-04-25 17:31:47,Ground technology second young though morning feel drug rest.?
880,657,2024-03-17 00:42:11,Fill near sing approach during staff room them little.?
881,842,2024-01-14 04:04:12,Raise bag law daughter avoid citizen.?
882,370,2024-09-30 00:41:36,We form cup interesting pay.?
883,795,2024-06-28 11:10:29,Everyone success plant push reflect early letter.?
884,54,2024-09-15 09:09:36,West responsibility several maintain those safe they.?
885,690,2024-07-27 09:13:32,Notice environmental organization soon talk whose kind media.?
886,419,2024-01-02 06:38:56,Either small himself pattern appear adult here the six.?
887,756,2024-08-30 20:56:39,Help per some finish strong example season magazine.?
888,507,2024-03-28 05:22:49,Program anyone adult after.?
889,341,2024-05-14 15:48:07,Region account south note.?
890,127,2024-11-27 21:08:49,Organization source economic read.?
891,409,2024-06-07 13:21:14,Argue unit institution just type fact how song fish bad decide decade.?
892,924,2024-02-19 12:00:28,Product air box follow.?
893,367,2024-12-22 04:03:18,Hard kitchen different themselves spend local reason rich.?
894,271,2024-04-29 04:25:01,Would realize every course toward.?
895,644,2024-01-29 02:55:51,Growth week soon your according.?
896,605,2024-08-07 11:24:39,Relationship record young wish defense.?
897,379,2024-05-11 13:33:30,Door other specific probably base those.?
898,73,2024-07-06 10:45:29,Best thing face commercial choose still.?
899,923,2024-08-14 18:26:38,Pattern citizen ten we quality end work indeed decade.?
900,922,2024-04-18 13:16:26,Free suffer order unit apply trip finish be.?
901,915,2024-07-18 07:34:20,Economic my among everybody likely ask news table yes allow.?
902,248,2024-12-20 11:16:38,Fund bar firm drug audience both want particularly treat while.?
903,860,2024-11-15 20:30:12,Image store character image sister sometimes reflect ever until series you parent individual suggest either.?
904,785,2024-09-23 12:00:32,Successful forward change line account event conference husband end arm opportunity enjoy.?
905,43,2024-12-08 12:37:31,Increase body rock man table they school city.?
906,377,2024-05-17 07:33:28,Body break no still best area who.?
907,41,2024-12-22 16:07:08,Water nothing provide.?
908,170,2024-10-27 22:32:31,Government majority news husband scene high whatever.?
909,946,2024-10-19 04:30:30,Enjoy safe before federal.?
910,212,2024-05-23 15:19:13,Second person under she see management pick morning art.?
911,493,2024-05-09 19:00:53,Summer ask standard dinner protect price.?
912,680,2024-01-15 18:11:13,Improve edge pay yes amount.?
913,39,2024-09-10 23:04:14,Effort in nor measure far.?
914,369,2024-06-06 01:50:56,Knowledge him much keep action investment.?
915,757,2024-02-17 14:15:41,Top detail growth line public difficult.?
916,151,2024-09-29 14:21:48,Hot say raise fine building learn base also someone.?
917,111,2024-07-09 01:05:19,Add reach that girl which report Mr accept tonight tree network.?
918,480,2024-02-09 23:25:21,Medical wind guy join.?
919,436,2024-12-25 21:29:48,Personal TV lot animal into capital begin.?
920,47,2024-09-05 08:27:09,Sometimes computer service federal ten else.?
921,575,2024-12-25 21:19:09,Week option character.?
922,737,2024-12-10 20:08:33,Citizen weight seat performance movement cultural west.?
923,366,2024-11-26 07:49:16,Treatment exactly read time question bill reach and.?
924,69,2024-05-05 11:01:46,Once environment expert let there hospital same mouth team ahead.?
925,299,2024-12-15 05:33:56,Provide close sense something article democratic benefit address.?
926,944,2024-09-09 12:40:45,Music chance make probably society sure themselves collection another president responsibility leader difficult he.?
927,802,2024-03-06 17:51:00,People those performance fish hot together send itself including work image.?
928,296,2024-11-13 14:34:07,Must however them cover task approach sister.?
929,203,2024-08-10 08:45:26,Wonder heart major unit speak peace concern their growth source.?
930,61,2024-10-23 23:58:56,Hit environmental partner next use.?
931,946,2024-05-17 13:39:35,State town television marriage best style.?
932,963,2024-01-09 20:10:42,Player explain bring argue.?
933,830,2024-10-12 23:57:23,Policy join follow fall expert.?
934,314,2024-10-23 17:31:42,Surface sense so discuss agree.?
935,161,2024-08-04 11:34:16,Everybody artist reduce finish practice increase.?
936,331,2024-04-11 10:36:41,Participant system pick thought himself north support each health someone expect level.?
937,528,2024-01-06 16:29:15,Within player water section start around like call pressure officer civil.?
938,338,2024-03-04 08:54:38,International happy young above want answer TV somebody.?
939,606,2024-11-04 19:46:44,Time nation week trouble foreign.?
940,304,2024-06-16 09:11:34,Decide my simple my conference film him member may six.?
941,503,2024-03-06 16:38:07,Clearly fire contain have cause movie authority success together bring.?
942,650,2024-06-30 23:24:19,Church life begin just member public woman generation rest business.?
943,338,2024-09-07 03:52:45,Second build most environment message grow begin face camera whose view about.?
944,550,2024-07-31 23:09:04,Place among ever within.?
945,639,2024-03-11 12:31:36,Former oil trial defense soon child.?
946,275,2024-02-03 16:36:51,Record certainly similar no throw.?
947,164,2024-11-19 11:56:40,Enter difficult let partner among very purpose condition data any without happen.?
948,443,2024-06-10 03:55:17,In animal ball feeling spend but local particular.?
949,319,2024-07-28 06:40:30,Past carry fine write attorney develop involve official thank.?
950,589,2024-08-08 03:41:36,Father whose glass really base.?
951,504,2024-12-11 04:35:39,Too why realize other society health inside.?
952,686,2024-03-17 05:19:14,Happy senior on yeah trouble high discussion.?
953,387,2024-07-04 13:55:06,Move pay often theory sit.?
954,970,2024-07-04 04:36:33,Wish service campaign account choose station.?
955,870,2024-08-14 19:10:55,Spend reality modern serve.?
956,833,2024-06-03 05:41:12,Product hit shoulder food particular research child administration.?
957,888,2024-01-04 09:59:43,Agency financial simple national itself here.?
958,603,2024-05-16 03:11:58,Field always matter check amount civil fire.?
959,750,2024-08-23 20:03:07,Paper weight dark me ground wife magazine morning.?
960,776,2024-10-17 16:16:16,Simple wish chair couple take nor ahead participant year my.?
961,691,2024-04-20 05:10:21,Less anyone reach gun model two catch about medical.?
962,494,2024-02-14 20:45:28,Then prevent top style identify month world.?
963,490,2024-12-01 20:25:12,Measure practice these name off action her this human.?
964,721,2024-03-22 10:31:19,Race model themselves city onto find tend hard name entire follow.?
965,73,2024-01-25 10:33:46,Institution simply quality others church experience.?
966,509,2024-03-21 12:59:25,Participant lead page across but newspaper most enough.?
967,390,2024-01-16 11:24:43,Pay trial generation rise.?
968,619,2024-08-24 03:46:56,Traditional worry necessary and star watch.?
969,857,2024-03-10 08:10:02,East effort tonight five help reality trouble play hit consumer describe prove mean ahead.?
970,295,2024-08-15 04:08:55,Security increase argue two paper.?
971,369,2024-08-13 02:02:01,Live raise development agency material new success.?
972,956,2024-03-13 23:05:17,Knowledge common wish simply.?
973,796,2024-02-11 14:12:50,Keep camera same themselves month age year bag skill.?
974,865,2024-02-08 05:13:30,Main wear better place keep research exist cold wife.?
975,694,2024-10-23 11:24:06,Protect hold case lose own whole edge cultural.?
976,549,2024-01-25 03:10:18,Market name last.?
977,649,2024-06-01 23:25:02,Goal tell local itself allow.?
978,850,2024-12-21 05:00:48,Station TV key ever trip education add boy kind.?
979,568,2024-05-07 03:12:15,Image history bring pass magazine production successful garden by.?
980,187,2024-03-28 21:08:57,Professional feel enjoy no instead lawyer particular.?
981,853,2024-10-01 06:23:08,Parent yes class work information pattern analysis program between writer employee direction clear.?
982,770,2024-09-02 01:47:48,News provide moment writer pattern sound strong.?
983,445,2024-06-12 02:02:44,Modern case group thing institution may.?
984,570,2024-12-10 23:51:51,Cost include issue beautiful dinner husband market.?
985,363,2024-12-27 08:06:30,Appear trial customer prepare bad figure sign claim certainly discussion hand positive all.?
986,123,2024-09-29 09:06:47,Chance into technology talk PM already.?
987,188,2024-08-12 03:39:33,Away painting already trade base another blood hot strong.?
988,742,2024-11-19 14:42:13,Their final wall very eat area listen million environmental hundred pressure than.?
989,680,2024-07-01 03:44:33,Television practice choose state treat fire start candidate.?
990,420,2024-10-02 19:53:57,Number value leader us culture material when citizen in however start too now black.?
991,626,2024-06-24 11:01:40,Arrive mother property seem assume brother manager degree tree a chair.?
992,252,2024-12-25 18:52:12,Wear imagine computer.?
993,619,2024-11-21 08:45:35,Yes traditional either financial offer fill provide full.?
994,549,2024-03-11 18:58:42,Purpose trip article floor court material make sure bag you address.?
995,335,2024-03-05 11:44:37,Hear of good response word west Mr.?
996,92,2024-03-21 01:11:19,Gas outside too management first use cost employee.?
997,530,2024-03-30 18:18:00,Pull think clear smile morning six true.?
998,866,2024-03-18 01:34:24,Anyone television human walk rock after probably phone.?
999,63,2024-01-03 11:21:54,Owner manager relate far simple dinner simply.?
1000,662,2024-08-12 15:18:58,Or finally quickly moment we trip.?
