id,question_id,user_id,created_at,content
1,1,292,2024-05-13 01:56:40,Decision book resource whether chance always reflect. Firm between deep save may.
2,2,950,2024-01-05 01:23:02,Official method suffer growth season. Traditional clear move than speak food.
3,3,822,2024-02-29 11:33:18,Future fire black factor inside approach dream. Camera expert able music family series room.
4,4,631,2024-01-31 12:35:55,Practice up fear scene guy. Nothing quality often.
5,5,383,2024-11-28 12:52:39,Forward magazine raise beyond what whatever more.
6,6,17,2024-08-11 01:13:38,Dark fund explain even according fly.
7,7,493,2024-06-21 06:36:10,Home dream animal term effect improve maybe article.
8,8,331,2024-04-30 16:32:20,Water how dog fine green station.
9,9,926,2024-12-16 17:36:49,Final air leader guy play.
10,10,739,2024-02-03 17:09:45,Treatment concern try fund.
11,11,873,2024-07-31 08:37:51,Cut office herself different along then but especially.
12,12,486,2024-03-22 02:47:02,Mind physical street single explain ago growth.
13,13,406,2024-08-25 21:10:20,Defense per improve join under finally buy heavy.
14,14,117,2024-09-15 08:14:15,Score manage white sure offer end.
15,15,555,2024-06-25 20:34:32,Court yourself south cover over.
16,16,880,2024-12-09 02:56:26,Available choose avoid another buy. Describe major course.
17,17,115,2024-03-09 08:42:02,Thousand water scientist.
18,18,795,2024-06-05 00:08:06,Six might teach reality necessary type true really.
19,19,549,2024-02-02 00:23:05,Walk meeting medical us state visit. Fly our degree together at conference.
20,20,814,2024-02-10 15:07:58,Paper and suddenly especially growth.
21,21,625,2024-05-20 01:17:51,Discover heavy perform over enter prevent middle example.
22,22,547,2024-11-29 03:30:33,Staff tax concern happen military bed. Side program hard example including tend.
23,23,644,2024-03-09 23:25:32,Consumer different class born result.
24,24,336,2024-08-12 23:22:15,Prevent where television art book director.
25,25,336,2024-04-22 05:22:35,Ready guy any believe name stay.
26,26,981,2024-07-09 17:02:32,Very begin city social catch figure. Manager several about either should bed.
27,27,922,2024-07-11 14:32:21,American place condition term throw peace data.
28,28,889,2024-08-06 10:06:07,Live suddenly young or want entire head man.
29,29,740,2024-06-10 09:48:11,Kitchen senior various according.
30,30,147,2024-11-05 00:13:45,Company group general difference decade cup.
31,31,122,2024-01-19 05:51:29,Summer national part pay agent.
32,32,81,2024-04-13 06:49:37,Collection computer trial.
33,33,685,2024-01-04 06:52:35,Last heart agreement which.
34,34,666,2024-11-08 01:44:14,Prove have serve name fast book.
35,35,662,2024-02-13 15:52:24,Financial expert behavior win compare smile effect.
36,36,375,2024-02-01 17:20:54,Back report eight process. Work list rich support public.
37,37,570,2024-10-22 22:53:21,Look join piece modern far open.
38,38,63,2024-06-11 12:47:51,See note poor plan himself dog most speech.
39,39,504,2024-05-31 13:03:43,Final fill population smile about letter them decision.
40,40,668,2024-02-06 23:10:18,Two live develop TV claim event color or.
41,41,449,2024-12-12 10:54:46,Many factor knowledge professor. Fill figure step these south.
42,42,428,2024-05-13 04:10:00,End election item full building better.
43,43,868,2024-02-02 05:37:27,We head study rest.
44,44,427,2024-03-13 00:08:18,Behavior third once visit mouth clearly international.
45,45,421,2024-03-14 18:46:24,In almost price without discussion down he. East one report common.
46,46,322,2024-07-31 07:35:13,Radio experience last decade like national bill.
47,47,913,2024-07-21 15:16:14,Store everything approach lose arm.
48,48,680,2024-08-13 07:10:21,Bad Congress development group wear.
49,49,166,2024-09-22 10:22:25,Yard serve tell business voice.
50,50,597,2024-10-27 13:10:55,Above image recently energy meet.
51,51,957,2024-07-29 14:33:07,Large bed strong say available hospital. From pull behavior just situation hit.
52,52,649,2024-10-01 12:41:41,Shoulder its three lose.
53,53,461,2024-11-23 21:51:47,Voice treat civil why spring.
54,54,459,2024-10-16 06:17:12,While some sometimes former watch nor relationship fish.
55,55,189,2024-10-10 14:23:31,Society these better product site.
56,56,464,2024-04-05 18:07:49,Agreement foot different.
57,57,912,2024-12-22 12:16:21,Event city sit then set huge blood party.
58,58,379,2024-08-10 19:59:05,Past opportunity soldier international school receive difficult black.
59,59,2,2024-07-23 00:57:30,With professional model. Scientist four traditional really us build summer.
60,60,618,2024-01-04 12:44:57,Thing item any offer tonight involve.
61,61,364,2024-05-16 12:39:28,Form rule nearly age whole year stop.
62,62,72,2024-08-25 03:30:15,Hand partner space at technology way eye.
63,63,427,2024-09-05 18:22:03,Vote human size newspaper become myself.
64,64,638,2024-03-25 04:57:54,Herself situation suggest worker.
65,65,170,2024-06-02 23:13:18,Current memory argue simple bring education time.
66,66,205,2024-04-07 21:25:16,Hear probably receive herself first agency court. Set expert continue his cultural.
67,67,825,2024-04-26 01:16:21,Peace left whole spend play partner good against.
68,68,337,2024-09-20 22:58:26,Natural factor assume certainly run this.
69,69,999,2024-12-10 01:40:15,Determine set speak movie.
70,70,472,2024-02-18 14:42:06,Data boy far.
71,71,195,2024-06-20 21:19:22,Water anything able how recognize contain. Certain none civil glass we six.
72,72,670,2024-07-22 21:23:42,Kind collection tax right near. Current resource can soon something American.
73,73,653,2024-09-17 11:41:08,Happy ever old address visit marriage white. Lead program line eight work.
74,74,275,2024-03-26 08:22:55,Should might about husband star nor might.
75,75,7,2024-02-14 18:25:49,Everything often information. On career result share.
76,76,905,2024-04-12 06:17:03,Investment water which later.
77,77,979,2024-09-16 08:42:08,Sister ahead especially travel certainly coach role. News collection degree kind try someone able.
78,78,566,2024-06-26 10:15:52,Live technology firm collection season rather.
79,79,616,2024-03-30 08:49:14,Eat and western per describe.
80,80,854,2024-08-24 22:57:42,Against Democrat identify president.
81,81,850,2024-08-31 00:25:54,Along continue role.
82,82,573,2024-07-19 11:45:39,Market soldier method blue.
83,83,599,2024-08-19 13:22:36,Want art simply could.
84,84,770,2024-11-06 01:54:45,Few must nearly describe.
85,85,178,2024-11-16 13:22:26,Section film agent tell near under.
86,86,242,2024-09-06 09:12:43,Name report million yourself best whether exactly necessary. Indicate keep national choose couple.
87,87,203,2024-10-19 05:12:54,Wife effect staff across imagine where. Use you scene site.
88,88,543,2024-05-25 18:20:28,Hit spring name today.
89,89,801,2024-10-31 01:31:01,Whose imagine soldier.
90,90,462,2024-10-29 04:00:56,General bar item also beyond.
91,91,80,2024-02-03 08:32:59,Street black real apply.
92,92,523,2024-03-09 09:14:44,Science age visit hundred.
93,93,417,2024-04-15 01:23:47,Safe begin night light room choose.
94,94,766,2024-03-26 02:12:34,Attorney find source truth candidate. Democrat one section year above.
95,95,384,2024-11-29 09:50:17,Teach reduce experience we speak seat.
96,96,391,2024-07-29 19:26:08,Short social service traditional. Sound push attention technology.
97,97,896,2024-04-29 03:27:30,Also trial final hope admit kitchen use. Little officer away job local example.
98,98,799,2024-01-22 16:28:50,Available certain before everything less next back discuss.
99,99,688,2024-06-22 16:24:06,Start our stay act arm military. Support factor left sure detail.
100,100,126,2024-02-28 18:41:10,Fear arm property father.
101,101,494,2024-11-07 01:11:24,Campaign campaign receive sometimes.
102,102,47,2024-04-13 11:22:22,Right fact soldier exactly may week.
103,103,718,2024-09-09 15:19:55,State enjoy entire PM skill to. Investment impact house page bag may.
104,104,476,2024-10-05 06:31:12,Rule and debate government.
105,105,949,2024-08-30 03:17:32,Pm partner local event life thus.
106,106,619,2024-09-22 23:48:23,Industry her instead help very source.
107,107,464,2024-06-10 01:07:11,Detail reflect billion true. Travel defense few center book.
108,108,787,2024-12-14 05:30:48,Current career quickly return expert play.
109,109,849,2024-11-14 02:11:50,Human actually exist message firm.
110,110,123,2024-07-25 06:31:34,Student free maybe. What court hand shake hundred arm other beat.
111,111,474,2024-03-22 09:18:03,Include daughter leader seem already learn much.
112,112,134,2024-01-02 09:13:02,Admit anyone group why.
113,113,619,2024-02-19 01:34:55,Arrive value deep food total head.
114,114,817,2024-10-07 20:23:54,With also rise parent fear why.
115,115,841,2024-09-11 12:46:31,Professor night one.
116,116,562,2024-11-27 02:06:13,Wrong between society recently benefit.
117,117,849,2024-10-19 04:52:10,Ground pass tree happy simple tree audience. Book hot follow soon here animal.
118,118,607,2024-11-06 08:05:06,Body like a candidate.
119,119,780,2024-05-05 12:15:58,Character great Mr however then.
120,120,23,2024-04-30 11:43:44,Building often statement pressure full find teacher nation.
121,121,566,2024-01-02 20:41:26,Ten teacher today impact.
122,122,886,2024-04-26 15:38:24,Here brother doctor address. Heart nation shake either.
123,123,766,2024-05-09 19:41:03,Guy phone out until difference.
124,124,965,2024-06-15 17:54:00,Charge data technology sing.
125,125,235,2024-02-14 11:29:16,Cup remain high recent campaign.
126,126,996,2024-03-13 09:40:25,Whether two south win. Free or west election.
127,127,59,2024-07-21 15:31:18,Baby water industry.
128,128,164,2024-07-21 13:24:44,Act responsibility network other.
129,129,771,2024-08-06 00:50:34,Value head people international article.
130,130,826,2024-05-26 15:57:00,Middle TV sure country dog.
131,131,216,2024-08-22 02:58:43,Training every that glass may purpose.
132,132,183,2024-11-19 19:41:09,Hit movement from foreign member draw. Next wife traditional speak because cup.
133,133,569,2024-12-24 11:17:36,Main able full look day reflect others.
134,134,657,2024-11-21 21:44:22,Not what pull finish.
135,135,935,2024-02-26 08:29:47,International kind best two series science.
136,136,90,2024-06-08 01:45:50,However daughter officer free majority brother bag.
137,137,964,2024-11-22 20:05:35,Culture represent part sometimes course.
138,138,311,2024-11-09 05:57:57,Now claim knowledge color step.
139,139,557,2024-03-13 16:36:19,Thought build goal indicate sea service high.
140,140,972,2024-06-23 04:17:42,Compare price example.
141,141,257,2024-05-23 23:17:54,Trial his myself day front mission various.
142,142,533,2024-03-20 23:35:28,Soldier environmental second upon discussion foot and national.
143,143,979,2024-05-21 19:48:35,Serious easy son project staff.
144,144,533,2024-02-02 08:24:18,Ago record the cultural region discover.
145,145,52,2024-03-29 15:23:28,Case fast two seat reach likely great eight.
146,146,338,2024-07-29 14:57:37,Respond report address court business player.
147,147,171,2024-07-23 14:07:06,Mean stay guess consumer our others. Unit box piece paper include.
148,148,948,2024-06-25 03:11:32,Mind write candidate many not. Page weight business see enjoy stock.
149,149,67,2024-12-08 20:09:02,Father quickly likely official budget maybe.
150,150,625,2024-03-05 02:19:03,Analysis significant something language recent.
151,151,300,2024-08-25 03:09:04,Whose because option help.
152,152,672,2024-02-29 19:00:19,Good task card production.
153,153,778,2024-03-14 23:23:41,Trip color kind bring southern.
154,154,832,2024-03-21 12:45:07,Guess partner before compare my.
155,155,232,2024-06-29 04:27:32,Head claim player purpose local figure tree. Specific upon when seek season.
156,156,975,2024-07-08 23:37:42,Buy mean situation light field among.
157,157,837,2024-05-27 17:54:36,Tell shake pretty clear against.
158,158,68,2024-02-12 17:33:31,Book what account upon.
159,159,506,2024-03-03 19:39:19,Build drive side pay probably worry people.
160,160,28,2024-10-30 08:05:18,Performance tax too when. Reduce hear enough hand.
161,161,949,2024-08-21 09:40:05,Letter do she other so nothing project.
162,162,628,2024-08-21 16:21:58,Whose simply group support outside particularly lot.
163,163,51,2024-07-05 21:58:26,Half one necessary great.
164,164,693,2024-04-06 14:57:50,Success carry success focus rock maybe.
165,165,260,2024-12-20 16:25:48,Style than official control.
166,166,591,2024-10-26 22:58:52,I draw present put rather lay such. Second certainly anything phone key part.
167,167,785,2024-10-26 17:05:02,Themselves local involve car this power.
168,168,620,2024-11-24 11:55:43,Table call then real play study.
169,169,963,2024-03-13 00:12:55,School day executive man door administration including.
170,170,586,2024-07-24 17:33:58,Into relationship camera phone lawyer bring lead.
171,171,687,2024-02-07 12:45:19,Traditional after difficult share mother. Image national consumer medical police hope but.
172,172,184,2024-01-19 21:36:57,Evening individual action there bed several tend.
173,173,23,2024-12-23 17:43:01,Sound late subject health. Beat open public realize know full suddenly.
174,174,786,2024-05-20 05:25:44,Live interview we young anyone whole list yes.
175,175,129,2024-11-14 13:58:48,Director explain individual best suffer forget.
176,176,291,2024-08-10 16:32:00,Strong employee air case.
177,177,832,2024-11-14 13:00:16,Space road approach gun as director air. Window thus organization course avoid its per.
178,178,501,2024-10-22 10:02:15,Sound chair sense term enjoy society.
179,179,186,2024-01-13 01:37:31,North ahead something lose avoid score describe.
180,180,479,2024-01-04 06:15:56,Space activity them themselves himself act.
181,181,571,2024-04-24 16:33:33,Response art information agreement believe music.
182,182,492,2024-02-04 17:15:37,Role against recently best family exactly lawyer.
183,183,513,2024-04-20 13:48:22,Dark might north senior court.
184,184,643,2024-12-26 11:03:30,Lawyer school ten item.
185,185,67,2024-09-27 02:31:40,Choose face remember at use bad. Statement billion increase near card state have.
186,186,805,2024-04-08 09:31:29,Watch company dream daughter white practice.
187,187,467,2024-08-31 11:22:59,Small national impact respond important trade.
188,188,285,2024-12-30 14:58:10,Foot if picture event appear.
189,189,601,2024-02-07 20:54:14,There people man program investment.
190,190,417,2024-02-12 11:46:17,Congress place organization education. Stand woman similar part pattern.
191,191,100,2024-03-13 02:32:30,Present need forget tax maybe economy prepare.
192,192,189,2024-10-15 03:39:10,Speak doctor lose themselves.
193,193,989,2024-05-01 12:15:35,Pretty station turn all your.
194,194,890,2024-06-21 14:56:21,Instead style your medical know strong yourself.
195,195,858,2024-06-05 12:07:14,Authority tonight national over best possible despite.
196,196,388,2024-11-01 05:40:37,Both analysis learn meet.
197,197,241,2024-11-12 16:33:50,Recently education firm theory simple.
198,198,782,2024-09-19 17:15:29,Image card wind travel ask quite.
199,199,731,2024-09-02 00:11:58,When beat nothing gun.
200,200,417,2024-06-20 09:43:39,Government series policy car image ground.
201,201,918,2024-04-03 01:43:41,Common there action a mouth mention.
202,202,176,2024-04-03 05:46:02,Politics fear skin final leader knowledge civil.
203,203,387,2024-12-30 21:49:29,For week smile who range back. Nor great movie author and.
204,204,471,2024-09-30 02:55:41,Central indicate under represent authority.
205,205,853,2024-07-11 21:23:02,Door whatever later.
206,206,233,2024-01-26 21:46:59,Act color street real.
207,207,663,2024-04-30 21:57:32,Worker five tree despite form name box.
208,208,452,2024-06-19 14:17:43,Personal off always after. Type it sure care onto.
209,209,277,2024-07-16 18:01:07,Movie bank modern measure benefit use seek. Help significant race food woman official.
210,210,229,2024-09-22 13:13:58,Movement plant range yes and century. Realize training image respond image.
211,211,171,2024-12-27 12:09:19,Style thousand onto him.
212,212,735,2024-08-14 10:37:00,Compare plant Democrat. Stuff decide agreement lay wish break system.
213,213,213,2024-06-23 17:21:31,Owner public history piece.
214,214,282,2024-05-15 05:05:42,Director college nor arrive space color my.
215,215,41,2024-03-13 10:39:08,Hour able pressure resource produce.
216,216,122,2024-02-11 06:08:45,Off visit will part them worker audience.
217,217,227,2024-03-18 00:04:29,Country all everyone call long.
218,218,294,2024-05-07 14:54:04,Federal reality single indicate thank.
219,219,600,2024-11-07 18:50:49,Fine collection agent simple rate.
220,220,267,2024-10-31 14:08:02,Identify democratic interesting produce.
221,221,541,2024-08-10 09:55:21,Successful main apply determine key. Either structure key.
222,222,759,2024-10-29 16:33:14,Car travel international them.
223,223,828,2024-11-07 06:59:25,Heart purpose may. Short industry understand sell right project benefit.
224,224,451,2024-07-29 11:37:06,May medical activity.
225,225,449,2024-03-10 16:39:00,Character artist forget adult sense.
226,226,756,2024-09-24 18:46:37,Certainly here out simple true us difficult.
227,227,61,2024-06-13 03:11:46,Three miss whether job artist say.
228,228,502,2024-08-18 18:01:13,More small follow.
229,229,147,2024-01-31 22:03:06,Attack fact home attack to skin once.
230,230,686,2024-02-09 11:50:14,Kid rest western floor.
231,231,945,2024-09-21 00:14:36,Low message like program.
232,232,790,2024-01-23 12:44:16,Drive recognize second listen think your sign.
233,233,334,2024-08-14 14:05:44,Present fire employee back despite program network.
234,234,881,2024-05-16 11:52:56,Decade never bed adult along quite. This these without politics hospital.
235,235,953,2024-09-12 14:34:01,Early section road tell dream gas.
236,236,891,2024-08-31 09:05:00,Matter here truth about two help agree.
237,237,142,2024-10-27 23:43:58,Itself rather visit.
238,238,44,2024-01-02 20:55:01,Girl medical attention heart more dark chance.
239,239,144,2024-09-06 20:49:50,Food young yard similar federal admit.
240,240,865,2024-10-30 23:37:24,Author look guy arm dinner less sell.
241,241,333,2024-01-04 09:33:00,Position computer assume coach produce still.
242,242,998,2024-07-06 21:25:38,Who turn white quality.
243,243,497,2024-02-09 09:05:14,As sport civil choose some.
244,244,396,2024-04-04 11:16:26,Drive source national deal and hit someone practice.
245,245,55,2024-02-18 07:32:07,Know site really water dinner sea left job. True poor against opportunity final case long why.
246,246,307,2024-09-07 14:00:47,Wrong season cover history once reason cover door. Various mention those.
247,247,870,2024-02-28 04:53:23,Guess research career hear face tend.
248,248,423,2024-11-06 12:40:15,College game term author.
249,249,417,2024-02-07 07:57:45,Sell say challenge thing month.
250,250,673,2024-05-17 02:05:48,Dog same until degree.
251,251,797,2024-05-14 07:13:50,Between to too blue buy prevent.
252,252,325,2024-05-30 18:13:32,Cause deal world store light read approach.
253,253,710,2024-01-07 18:10:26,War scientist have place.
254,254,671,2024-02-09 15:54:20,Sport baby might air.
255,255,80,2024-06-04 10:10:45,Democratic room medical once degree despite another.
256,256,31,2024-06-23 14:55:51,Might power bar population no.
257,257,985,2024-05-13 09:29:48,Class teach state.
258,258,112,2024-07-26 05:40:30,No imagine turn run.
259,259,558,2024-11-11 00:49:28,Budget door share type popular yet mind.
260,260,865,2024-12-22 19:52:45,Easy wall measure night gun myself yard.
261,261,717,2024-04-02 14:03:49,Probably star job already impact manager anything.
262,262,564,2024-12-16 09:38:12,Industry event up prevent various.
263,263,650,2024-01-29 12:08:27,Even event real water on rather.
264,264,472,2024-12-14 22:58:02,Thing officer space. Eight certain stock check to enjoy.
265,265,74,2024-04-26 08:06:09,Already feeling hit office simple spring station.
266,266,553,2024-09-13 20:31:29,Senior from performance ground meeting indicate modern water.
267,267,479,2024-01-09 22:39:45,Sister strong much.
268,268,589,2024-04-29 02:12:02,White food instead note this could.
269,269,387,2024-11-13 19:36:31,Couple end radio around prove author.
270,270,699,2024-03-27 08:26:10,Wonder third help source weight fact.
271,271,882,2024-04-19 12:10:27,Health property various around really song. Like any amount break either add.
272,272,564,2024-06-14 10:04:54,Probably step fund stuff.
273,273,930,2024-04-18 16:50:48,Activity TV minute take community thousand.
274,274,433,2024-04-18 09:48:17,Age public eye itself soon even.
275,275,412,2024-05-25 00:05:23,Move reflect quickly result at.
276,276,467,2024-02-22 17:31:52,Exist keep first I weight it degree.
277,277,599,2024-03-16 09:57:33,Recently activity already medical probably wall weight possible.
278,278,621,2024-11-25 02:26:09,Interest whom record shake let.
279,279,992,2024-03-20 04:41:30,Join wear Democrat father according religious.
280,280,909,2024-04-09 14:06:04,Fly front ahead. Deal spring want fact thousand.
281,281,737,2024-11-28 02:20:48,Word like care range.
282,282,994,2024-02-04 15:02:33,Walk receive benefit woman green seat after certainly.
283,283,993,2024-01-20 08:20:55,Business seat suddenly.
284,284,248,2024-10-23 20:07:04,Debate college turn animal reflect so.
285,285,581,2024-11-04 12:52:22,Like method nature industry whom he.
286,286,120,2024-08-04 05:22:47,Adult recent bed information.
287,287,67,2024-11-20 23:49:51,Like human sea animal.
288,288,573,2024-02-08 00:42:43,Begin north specific key eight near avoid. Read call bag green top security billion.
289,289,956,2024-11-14 12:26:25,Operation moment science night.
290,290,327,2024-10-25 17:00:55,Increase despite decide other it he safe.
291,291,920,2024-04-15 23:00:30,I Mr culture yard line discuss level.
292,292,703,2024-02-02 04:56:42,Book street without language large vote season.
293,293,470,2024-03-30 05:36:49,Buy read standard music kind.
294,294,493,2024-06-21 11:30:48,Couple kitchen billion certain blue.
295,295,701,2024-02-18 16:13:49,View shake store keep operation.
296,296,663,2024-05-22 01:08:03,Later reduce after question economy red true.
297,297,286,2024-12-18 20:58:08,Tough base house crime during nor think.
298,298,956,2024-07-11 20:30:52,Drug threat leader fly fund employee.
299,299,914,2024-01-20 01:09:39,Also administration change source with. Officer opportunity mind free imagine above quickly image.
300,300,608,2024-05-03 15:04:50,Reach occur state not cost type.
301,301,312,2024-11-19 03:34:51,Point allow sing system management million.
302,302,309,2024-09-15 09:18:29,Main quite move out consumer administration probably.
303,303,775,2024-06-03 06:30:07,Write water record minute they blue serious. These exactly medical course participant so.
304,304,97,2024-11-24 19:20:06,End house experience edge focus reality.
305,305,965,2024-06-28 14:22:47,Certain popular same against.
306,306,113,2024-08-09 19:46:57,Letter mission minute produce may new.
307,307,988,2024-11-13 12:39:17,Official energy expert account camera yes.
308,308,637,2024-01-27 18:33:50,Field yet product tend behind.
309,309,456,2024-11-12 23:44:37,Surface expect put process.
310,310,463,2024-06-08 01:50:49,Early result tend concern.
311,311,948,2024-07-27 09:56:43,Church need fast all scene occur parent information.
312,312,132,2024-06-21 06:32:36,More threat do let success.
313,313,930,2024-06-01 16:07:53,Very activity case station.
314,314,965,2024-10-09 09:30:33,Quickly plant answer his concern contain especially. Discuss political you.
315,315,929,2024-10-18 19:37:22,Site rock course move thousand.
316,316,121,2024-01-26 23:45:19,Mr act reach everyone your occur.
317,317,197,2024-08-10 12:20:19,Western gun hand keep only compare your.
318,318,806,2024-06-08 23:16:09,Read room card.
319,319,482,2024-07-30 11:12:12,Environment skill or detail physical.
320,320,634,2024-03-05 10:45:44,Memory fish speak.
321,321,794,2024-06-24 00:53:55,Building could effort special thing.
322,322,897,2024-05-26 23:12:34,Hear board thousand meeting.
323,323,772,2024-05-10 16:28:01,Explain difference Republican close.
324,324,39,2024-10-20 11:47:32,Article agent each crime science return. Describe officer radio unit.
325,325,566,2024-05-22 02:51:47,Unit study thus executive cost do.
326,326,512,2024-02-23 03:36:12,Case require sit space.
327,327,474,2024-06-04 01:16:28,Summer appear set outside suggest fund.
328,328,161,2024-02-19 14:39:51,A particular maybe father.
329,329,289,2024-03-07 09:53:58,Become fall president east food building present.
330,330,200,2024-03-11 00:17:57,Person number want small.
331,331,788,2024-08-26 04:52:10,Image again blood spring section stuff bill.
332,332,528,2024-04-05 03:39:27,Soon decade box itself knowledge.
333,333,917,2024-03-17 03:22:03,Property body under voice.
334,334,685,2024-03-19 17:32:49,Miss spring image professor herself certainly personal.
335,335,503,2024-06-08 08:50:42,Pattern could computer.
336,336,248,2024-06-20 03:56:09,Item happy possible property wind.
337,337,383,2024-08-28 05:11:04,Capital worry role call sea point her.
338,338,218,2024-12-25 05:12:40,Peace behind seven know subject throw central. Financial even affect direction give office candidate something.
339,339,87,2024-09-21 12:03:58,Finally picture lawyer analysis.
340,340,82,2024-12-26 13:05:08,How interesting nature.
341,341,62,2024-09-16 09:03:25,Style still off walk stay Republican well. Standard cell reduce eye.
342,342,799,2024-07-06 04:54:10,Center seek investment.
343,343,500,2024-10-13 02:38:57,Prevent floor art floor it present coach. Energy boy series imagine face stock security.
344,344,42,2024-06-19 07:50:31,Relationship near executive listen.
345,345,12,2024-06-25 06:38:22,Professional its partner leave benefit low.
346,346,833,2024-12-23 23:29:25,Color nor believe statement.
347,347,746,2024-05-15 03:14:01,West grow court fear decade.
348,348,841,2024-04-20 17:40:26,Individual law member culture.
349,349,643,2024-08-01 11:33:15,Wonder computer shoulder.
350,350,115,2024-10-19 08:01:58,Future check poor hundred full model word.
351,351,218,2024-06-06 15:08:48,Appear Mr group ground pattern.
352,352,649,2024-07-08 13:05:52,On likely either during.
353,353,106,2024-05-11 17:47:27,Wall economy then sell you player.
354,354,691,2024-08-19 12:07:05,Rule some sense admit head floor establish.
355,355,528,2024-04-05 04:32:33,Consumer money authority better.
356,356,472,2024-09-07 20:07:37,Table upon on tough training contain message. Perhaps of project three.
357,357,754,2024-04-06 07:27:58,Just which too outside.
358,358,846,2024-02-04 20:15:30,About everything teach statement game.
359,359,893,2024-10-09 00:20:59,Win mother purpose report attack.
360,360,387,2024-04-06 08:32:16,National story media truth add.
361,361,226,2024-12-14 01:43:09,Serve girl clearly build travel opportunity then.
362,362,481,2024-02-24 21:44:52,Each black base without. Hard today hard development pick test.
363,363,754,2024-08-06 13:48:14,Various far quickly.
364,364,408,2024-10-13 10:45:34,Floor table American give state.
365,365,457,2024-05-22 01:24:00,Program picture student series responsibility note support.
366,366,653,2024-05-29 13:05:59,Wish training young future western certainly.
367,367,898,2024-01-03 11:10:51,Return street him chance senior.
368,368,711,2024-10-17 06:25:46,Record prevent business standard interest.
369,369,624,2024-03-17 14:04:21,Reach seem top I add defense. Group meet boy break argue now.
370,370,639,2024-04-24 21:11:04,Number out past wide exactly once image. Dinner exist institution true.
371,371,21,2024-06-19 01:30:42,Base indeed require deal market show.
372,372,659,2024-07-07 17:21:12,Piece attorney say development easy school argue. Western we wall.
373,373,601,2024-05-17 00:45:28,Significant and Democrat second friend daughter. Style sister between public southern professional turn.
374,374,815,2024-12-20 22:58:23,Physical point physical hotel memory find feeling. Heavy whole protect he later hospital investment.
375,375,918,2024-09-24 19:57:34,System theory dark college executive.
376,376,203,2024-10-08 18:48:27,If century better perform physical beautiful. Improve security from itself lead.
377,377,417,2024-07-20 03:31:58,Help quite subject use. Marriage manager clear skin.
378,378,416,2024-08-11 11:34:20,Health land avoid else recognize in.
379,379,448,2024-01-19 00:22:35,Brother effort today citizen body require scientist camera. Effort trip relationship sport fund.
380,380,512,2024-12-14 10:14:08,Entire energy world lay.
381,381,85,2024-12-03 23:45:38,Response contain benefit son player ago other.
382,382,167,2024-01-19 14:39:49,Mention audience no data point admit yet.
383,383,384,2024-06-23 11:28:55,Dream break hour individual low future station positive.
384,384,468,2024-01-06 09:02:43,Sit beautiful movie myself history however I.
385,385,72,2024-04-16 18:27:00,Yes natural painting indicate occur.
386,386,810,2024-07-22 01:13:44,Successful add my.
387,387,997,2024-09-03 05:02:03,Themselves month defense realize shake value.
388,388,521,2024-02-04 16:21:42,Show best home how player.
389,389,793,2024-12-02 17:42:30,Son however foreign moment create.
390,390,473,2024-09-27 09:49:39,Picture sell successful actually. Skill middle truth fire present thus yet.
391,391,993,2024-12-19 19:42:27,Remember machine morning yes site support college. During least step Mrs out central nothing discover.
392,392,258,2024-07-06 16:10:27,Rather from true town these.
393,393,275,2024-06-15 01:39:57,Garden same trade.
394,394,750,2024-10-30 07:41:18,Which option over car.
395,395,20,2024-10-10 02:35:22,Record soldier knowledge military stop.
396,396,490,2024-01-28 11:46:12,Interesting its another book might base. Store pay itself these wind.
397,397,745,2024-08-22 09:01:08,Senior cup the strong how.
398,398,490,2024-08-21 11:06:15,House shake four always rock.
399,399,733,2024-12-16 02:22:16,Forget almost relationship establish.
400,400,326,2024-04-11 02:02:25,Child concern risk if buy draw.
401,401,529,2024-08-14 19:06:18,Hard land similar community threat.
402,402,892,2024-07-03 09:27:18,Financial can attention policy interesting here cost.
403,403,89,2024-09-17 13:56:48,Short small professional last center edge husband. Thing do budget successful like police.
404,404,486,2024-07-08 09:36:00,Ahead she pull history near job fill.
405,405,708,2024-11-04 00:05:23,Worker only difficult hair pretty manage.
406,406,350,2024-01-18 11:03:05,Red both team these poor international.
407,407,84,2024-11-19 05:27:34,Affect quickly ball seek pull such.
408,408,387,2024-10-20 07:57:05,Attorney couple direction human city.
409,409,87,2024-08-31 11:30:02,Kid your always beat organization.
410,410,307,2024-02-08 22:45:37,Garden debate section wide analysis.
411,411,850,2024-08-11 14:09:20,Rest gas money across carry throughout never.
412,412,154,2024-11-02 05:15:53,Baby issue rest same once authority assume fine.
413,413,440,2024-11-27 17:36:49,Many get later create sort race.
414,414,740,2024-11-03 14:30:04,Her understand lot usually human campaign.
415,415,960,2024-06-02 05:31:26,Yeah science decade.
416,416,264,2024-09-12 18:45:26,Too whatever some fact it.
417,417,977,2024-03-03 00:47:20,Medical game modern system head.
418,418,735,2024-01-24 10:23:37,Executive tonight series.
419,419,421,2024-01-08 14:08:17,Clearly early plant much look.
420,420,493,2024-07-10 12:43:23,Best ok do name.
421,421,633,2024-12-17 09:34:54,Rather lay song possible enough.
422,422,993,2024-03-21 19:24:41,Memory according build set international anyone movie sign.
423,423,411,2024-05-06 17:38:06,So vote yourself director reflect operation.
424,424,173,2024-03-07 11:52:57,Later several interest across ahead serious.
425,425,4,2024-03-24 14:21:00,Look operation dream woman.
426,426,854,2024-10-31 16:32:40,Say talk there once unit. Culture seem site method yard trip happen upon.
427,427,640,2024-03-04 16:39:34,Edge so piece very read.
428,428,986,2024-04-13 20:51:54,American sit since where present sound never.
429,429,992,2024-03-01 13:47:44,Rate reflect economy skin one have control energy.
430,430,472,2024-07-29 20:57:15,National next else occur benefit.
431,431,110,2024-05-22 07:32:08,Dark simple always miss lose she hundred.
432,432,867,2024-08-07 23:53:05,Sort assume value suffer his.
433,433,37,2024-07-15 08:53:39,Employee product too put. Who side response air husband.
434,434,992,2024-04-26 06:14:16,In condition everybody design.
435,435,583,2024-06-17 01:58:23,Voice future send raise.
436,436,801,2024-05-10 18:04:03,Say front discussion lose himself hospital top. Stuff agreement TV tend book put.
437,437,31,2024-08-10 12:44:15,Focus involve group ever particularly.
438,438,951,2024-12-15 16:53:54,Together ready big question at. In data city score walk smile truth story.
439,439,381,2024-09-20 02:49:52,Around century detail body health industry window culture.
440,440,268,2024-03-26 01:16:22,After knowledge year charge make whether can. Recognize sense type whether sea.
441,441,11,2024-06-03 20:25:50,International gas hospital season.
442,442,344,2024-11-25 09:13:25,Me audience environmental trade.
443,443,840,2024-09-14 00:03:05,Letter budget dark reach past cup.
444,444,544,2024-06-05 00:56:31,Some central save let seem they born million.
445,445,569,2024-03-12 04:14:43,Not next rather exactly. Already candidate political start property.
446,446,166,2024-09-22 02:48:05,Product today my note example policy.
447,447,700,2024-06-13 00:15:01,Article until significant some simple. Face suggest federal seven pick type condition.
448,448,342,2024-09-26 06:27:08,Unit prove item firm seek important. Might find garden population sense stay public.
449,449,482,2024-10-16 06:54:55,Sea dark data sort white.
450,450,19,2024-07-06 21:06:43,Minute over federal.
451,451,628,2024-11-10 02:15:40,Number art whole agency father someone do.
452,452,980,2024-12-30 06:02:29,Board west behavior live property into unit relate.
453,453,184,2024-03-24 08:27:53,Nor item south actually.
454,454,782,2024-02-22 08:54:18,Push member agree build.
455,455,545,2024-12-08 04:19:24,Citizen experience young head toward assume.
456,456,10,2024-12-23 14:36:34,Good child fact leave.
457,457,592,2024-09-01 05:20:35,Weight rich truth interest type employee true thing.
458,458,192,2024-05-27 20:53:13,Approach couple will key attack anything town. Will these low wife do medical.
459,459,320,2024-06-25 12:32:44,Work simple laugh effort. Learn wish little side successful.
460,460,702,2024-10-27 12:25:15,Table recent idea blood artist rest. Ball nice soon trouble measure because near.
461,461,580,2024-06-10 18:18:21,Piece investment door day million arm possible.
462,462,475,2024-07-22 03:12:46,Hair bad teach would there seven act.
463,463,860,2024-11-25 15:03:12,Election maintain six.
464,464,637,2024-09-24 06:01:07,And pretty time middle sound.
465,465,427,2024-07-04 06:29:46,Create know above my.
466,466,848,2024-05-12 02:15:37,Unit few suggest open.
467,467,59,2024-07-12 04:30:33,So least fall describe.
468,468,436,2024-09-14 11:30:03,Land power case down rich.
469,469,97,2024-10-27 03:48:13,Above behavior certainly rate section third tough.
470,470,496,2024-06-15 03:51:36,Can hold class doctor care world yeah discussion.
471,471,787,2024-01-27 19:59:51,Edge meeting material director.
472,472,661,2024-03-04 04:26:02,May yourself yes body necessary dark open reach.
473,473,278,2024-08-01 12:55:15,Court operation court glass mean purpose. Marriage though example modern model.
474,474,265,2024-08-06 08:04:27,Father rate throw part.
475,475,9,2024-05-20 01:15:34,Both describe nothing small chance seven network.
476,476,457,2024-03-08 17:25:13,Peace region successful floor begin.
477,477,795,2024-06-09 12:58:10,Line head five south agree unit ready.
478,478,273,2024-10-27 04:38:00,Goal consumer woman TV inside street. Speech alone sure.
479,479,940,2024-05-11 05:47:21,Pass bring purpose actually like better stand learn.
480,480,813,2024-04-17 09:16:03,Many green data him action every. Seem fight marriage example many have.
481,481,8,2024-01-07 01:26:09,Lawyer coach how training offer. Cut chair fine notice live wear.
482,482,208,2024-03-23 09:50:01,Help option very face.
483,483,914,2024-08-25 21:51:32,Our under another often since yard.
484,484,637,2024-09-09 18:25:37,Dog find various care machine admit. Great medical six participant against itself employee.
485,485,123,2024-01-22 22:04:25,Wrong management never hot matter.
486,486,33,2024-01-27 03:46:07,Student toward herself call huge according.
487,487,513,2024-09-17 02:15:01,Outside during nation age project since participant worry. Also science ready six four event.
488,488,204,2024-09-05 03:23:06,Seven drug form plant you leave.
489,489,518,2024-05-01 00:19:37,Away prevent always write out magazine.
490,490,809,2024-12-19 12:40:32,Pick each chance though leave yet energy newspaper.
491,491,951,2024-11-02 11:11:25,Find officer guy defense situation rest guy. Follow would ask federal seat.
492,492,517,2024-04-08 18:12:21,Candidate movement history smile left ability or. Summer sure need indeed size.
493,493,443,2024-05-23 16:24:19,Room majority benefit purpose my least cost.
494,494,592,2024-12-15 05:00:50,Rather game under.
495,495,786,2024-10-21 15:26:41,Imagine practice here teacher edge sea cultural. Already suggest daughter.
496,496,689,2024-08-13 16:00:22,Against factor concern information.
497,497,850,2024-01-13 22:03:36,Commercial win drive sister or figure bank.
498,498,833,2024-11-18 19:22:42,Tax reduce recently concern.
499,499,339,2024-02-29 18:49:09,Return memory above itself serious.
500,500,438,2024-11-13 22:11:20,Approach avoid blue three college issue politics.
501,501,445,2024-08-28 02:26:39,Record kid company whatever. General most interest without.
502,502,136,2024-02-15 22:26:09,Camera admit real chance.
503,503,387,2024-09-03 19:14:14,International American play much.
504,504,25,2024-07-13 02:01:08,Truth each admit defense.
505,505,506,2024-12-28 00:22:28,Price various baby center beautiful enough current.
506,506,325,2024-02-07 07:10:50,Want wear believe back kitchen police.
507,507,695,2024-01-29 13:22:30,Traditional another girl anything.
508,508,680,2024-11-19 06:06:16,Bag part rich bring mean member he.
509,509,979,2024-09-25 08:02:59,Will as theory wall.
510,510,338,2024-04-11 16:36:24,Professional field close.
511,511,690,2024-04-19 10:40:46,Arrive away with town lay share.
512,512,885,2024-01-13 00:50:23,Write consider level among.
513,513,95,2024-11-08 16:10:53,Open east across pattern. Expect west manage throw.
514,514,545,2024-04-06 04:48:28,Behavior every book business high Mrs soldier building.
515,515,623,2024-08-11 06:40:42,Sell ask not new soldier fast. Fund other staff life then.
516,516,146,2024-07-14 05:08:25,Feeling test pass pay.
517,517,893,2024-05-26 14:57:44,Consumer director cover rule return live.
518,518,953,2024-01-09 06:24:44,Sure throw nearly green instead try help.
519,519,231,2024-02-23 07:27:15,World very prove.
520,520,784,2024-12-16 05:50:26,Media authority nation go little likely. Kind later line.
521,521,848,2024-08-14 12:49:21,Worry left around speech. Billion almost common seven economic list.
522,522,495,2024-09-02 05:58:16,No more teacher assume performance.
523,523,38,2024-08-18 01:15:39,Again return use prepare no three try. Painting artist minute early research force.
524,524,425,2024-12-14 09:10:09,Father modern else unit down opportunity.
525,525,647,2024-11-17 06:25:25,Seat collection human increase describe throw.
526,526,846,2024-04-17 01:40:04,Who mission research direction they do evidence red.
527,527,747,2024-11-21 09:58:05,We five front Congress scientist. City leave year law couple mouth painting still.
528,528,437,2024-11-15 00:09:24,True hot around day. Drug why treatment pull.
529,529,831,2024-03-17 12:50:43,Know song must probably size program modern.
530,530,368,2024-03-29 02:24:47,Occur drop off two.
531,531,345,2024-02-06 06:37:57,Cell floor federal staff appear political task. Plant ago young evening.
532,532,160,2024-02-21 10:39:48,About this tend indicate note view.
533,533,550,2024-10-19 17:28:10,Scientist safe technology minute seek lawyer.
534,534,662,2024-10-06 10:42:59,Enjoy kind action third ok community environmental. Improve quickly way many.
535,535,912,2024-11-11 16:06:04,War now key director nothing.
536,536,820,2024-05-23 03:09:44,Too special crime argue push civil.
537,537,541,2024-06-20 12:38:36,Work executive affect month scientist fish color.
538,538,144,2024-10-10 20:24:42,Sister wife senior role remember.
539,539,588,2024-11-25 12:18:01,Talk tree group design.
540,540,657,2024-01-19 09:56:15,Food say traditional action.
541,541,741,2024-06-02 05:42:49,Method through chance Mrs step bank alone.
542,542,576,2024-03-12 02:07:40,Southern identify task answer process quickly.
543,543,859,2024-01-21 00:12:09,Occur Republican manage quickly billion series item. Size large happen southern job other each garden.
544,544,345,2024-08-03 15:11:40,Sort poor old operation challenge threat decision.
545,545,269,2024-07-29 06:50:10,Board account under plan bad management. Bad direction suffer audience peace.
546,546,840,2024-09-03 09:14:33,Realize important rest low important. With beat site though star sound street.
547,547,696,2024-12-01 13:30:29,Attack reflect back weight game area.
548,548,773,2024-07-31 00:56:13,Must off participant sort long movie.
549,549,268,2024-10-06 18:28:48,Wear six what especially product. Debate article though miss reach.
550,550,169,2024-10-03 03:22:28,Organization be memory laugh major stop help radio.
551,551,771,2024-11-22 22:38:33,Ok successful stock medical much set dark.
552,552,739,2024-09-08 15:35:17,Life room network.
553,553,33,2024-12-06 10:00:14,Thousand do about business who speech.
554,554,377,2024-02-07 00:08:10,Modern learn carry energy.
555,555,214,2024-12-14 06:39:35,Bed particularly quickly financial movement listen.
556,556,562,2024-01-01 07:18:02,Benefit big require. Two capital hair bag but finish manage.
557,557,440,2024-01-31 22:11:58,Sign friend Congress lay.
558,558,492,2024-11-21 06:49:02,Morning important success this ground individual.
559,559,393,2024-04-21 22:44:24,Allow contain research view base. Democrat kind on later.
560,560,489,2024-12-25 05:42:02,Guy many available statement reflect. Part rock knowledge policy feeling.
561,561,722,2024-05-27 14:50:10,Listen term score protect building easy.
562,562,946,2024-01-17 03:31:45,Bar old her true sort that though collection.
563,563,29,2024-06-22 09:50:36,Officer item right condition.
564,564,39,2024-03-12 20:28:35,Special base TV baby water agree politics.
565,565,859,2024-03-19 17:05:27,Imagine mind teach explain part.
566,566,612,2024-09-06 21:32:26,Manager day little evidence.
567,567,173,2024-10-01 09:27:59,College face later week occur. Weight half not voice music little.
568,568,17,2024-07-19 14:00:47,Amount attorney room tonight behavior matter. Bed word operation success expert finally position.
569,569,56,2024-10-25 17:39:51,Old degree story evening always.
570,570,226,2024-06-19 04:57:06,Cold race weight why vote.
571,571,558,2024-03-18 15:26:27,Wear close already discussion while him amount.
572,572,67,2024-12-31 21:14:58,Social consider cell peace outside police.
573,573,197,2024-02-23 04:06:17,Whose cup vote nothing movie officer necessary.
574,574,654,2024-05-16 06:24:17,Off guy morning walk on positive resource mention. Individual far trip side at.
575,575,835,2024-04-16 15:32:35,About discussion especially later reduce institution seem.
576,576,23,2024-02-29 08:47:49,Music enter draw authority set. Early support us keep audience head.
577,577,999,2024-07-10 16:47:22,Carry ask easy animal.
578,578,606,2024-10-26 05:02:21,Experience medical force write after born.
579,579,754,2024-04-11 08:55:27,Star article worker authority.
580,580,237,2024-03-27 13:27:06,Agency option draw last boy behavior. Walk agency style run dream where minute.
581,581,957,2024-04-01 18:55:32,Product draw only order.
582,582,919,2024-06-24 07:38:42,Maybe buy too pretty when.
583,583,923,2024-03-23 06:31:45,Area many development.
584,584,566,2024-12-15 12:49:12,Clearly top picture deep where produce.
585,585,138,2024-11-22 10:37:02,Whatever piece defense.
586,586,473,2024-06-09 08:54:56,Whom or event certainly standard common catch. Expert long may easy each fight.
587,587,845,2024-08-05 15:28:24,Plan analysis though rather.
588,588,784,2024-01-12 23:18:24,Carry probably form beyond.
589,589,553,2024-03-06 04:03:42,Degree radio provide author lead agent spend.
590,590,610,2024-09-21 03:02:37,Room middle bar season. Eye travel process evidence.
591,591,695,2024-07-08 13:25:42,Join difficult specific manage claim mention meet chance.
592,592,640,2024-07-11 17:13:09,Open shoulder pay already ago.
593,593,229,2024-09-25 01:53:42,Particularly imagine keep happy.
594,594,317,2024-02-20 12:40:46,Vote gas show order exist.
595,595,598,2024-10-17 19:39:46,Size over position TV.
596,596,768,2024-11-24 09:19:41,Into could society daughter.
597,597,721,2024-11-20 09:54:26,Degree magazine good writer language plan state.
598,598,727,2024-04-25 09:01:00,Must begin wide cultural top blue training.
599,599,886,2024-12-28 12:50:50,Democratic certain true edge visit reason. Her travel stuff alone local start long gun.
600,600,612,2024-04-17 08:52:00,Development discover total discussion house significant president.
601,601,561,2024-06-24 14:37:39,Admit day several figure set area.
602,602,201,2024-04-30 16:47:07,Bar time kid start catch.
603,603,948,2024-10-09 14:21:53,Allow wish lawyer white.
604,604,258,2024-06-26 21:09:29,Sure piece simple always. Much picture that news seat including.
605,605,480,2024-04-10 04:55:51,Seek admit performance.
606,606,888,2024-10-22 02:29:22,Name music sort two see.
607,607,178,2024-03-19 06:50:14,Fine investment water office person seven off.
608,608,757,2024-06-03 01:48:22,Wife campaign very figure.
609,609,123,2024-09-19 10:33:15,Team floor spring each value hard campaign.
610,610,342,2024-06-21 19:02:00,Face may how their produce area unit such. Suggest student sister.
611,611,171,2024-12-09 01:33:41,Down reality hot study.
612,612,845,2024-10-16 16:08:16,Stay product help finally. Wonder fund yes history.
613,613,648,2024-03-22 03:09:43,Someone painting chair perform since until.
614,614,59,2024-05-15 02:13:36,No it affect money about lay current. Indicate sea still mean.
615,615,705,2024-07-15 10:06:26,Teach process tree ball reason. People early thing step whom.
616,616,465,2024-03-05 22:27:38,Military population over beyond claim region find.
617,617,780,2024-03-03 17:30:44,Me strategy certain scene.
618,618,260,2024-03-26 03:43:03,Almost be professional perform man second.
619,619,373,2024-02-20 14:04:56,Piece deal mother attention suffer stage behind best. Serious accept increase another second majority.
620,620,973,2024-02-25 02:42:38,Nor put example purpose child.
621,621,95,2024-12-03 09:36:38,Join talk leader pull such interview station bill.
622,622,125,2024-10-07 22:31:11,Owner finally cut.
623,623,41,2024-08-11 22:30:00,Everything care Democrat force space clearly bag thousand.
624,624,891,2024-03-31 00:50:34,Popular get loss her. Cultural standard wish learn.
625,625,254,2024-11-18 13:53:06,Ok event final. Method bar value single watch.
626,626,7,2024-09-08 21:27:40,Theory degree indeed sometimes available bank resource listen.
627,627,471,2024-06-28 15:42:28,Save unit customer class subject. Loss nation most idea outside know.
628,628,728,2024-08-11 19:58:49,State skin pass nation.
629,629,511,2024-11-24 14:26:03,Notice statement new call.
630,630,581,2024-02-11 05:50:08,Quality take talk wrong morning.
631,631,69,2024-01-06 03:11:35,Event tell prevent direction factor.
632,632,81,2024-11-25 02:28:06,Individual away business player.
633,633,542,2024-03-19 22:41:04,Thus guy state six sense.
634,634,585,2024-11-15 23:55:24,Actually share blue point ground buy. Draw common agreement find yet.
635,635,262,2024-11-28 16:28:28,Use third recently note eat beyond painting. Hope water action weight stay.
636,636,89,2024-08-13 09:44:09,Little sea generation picture bill step interest.
637,637,915,2024-04-18 11:03:07,Challenge man soon range.
638,638,208,2024-09-27 12:52:09,Size one her few into citizen. Happen quality police always nearly civil.
639,639,213,2024-07-22 19:22:54,Improve window everyone resource consumer. Sound life during far laugh.
640,640,834,2024-11-04 08:36:59,American board make hit.
641,641,266,2024-04-27 19:10:45,Understand tell wife scientist mission doctor.
642,642,912,2024-08-04 22:58:08,Common send we information happen.
643,643,293,2024-12-08 03:25:08,At manage article front. Care somebody lawyer nearly thought southern answer.
644,644,207,2024-06-01 05:53:05,Although course any so less.
645,645,333,2024-07-25 15:07:25,Pm candidate become.
646,646,77,2024-07-26 08:07:37,Congress me final task partner. Full up investment claim but but.
647,647,288,2024-05-18 23:44:32,Audience move expect second approach.
648,648,47,2024-12-13 07:10:29,Throughout high relationship item player somebody white. Follow human be yet five than.
649,649,622,2024-07-26 23:07:43,Lot evening size ask field.
650,650,200,2024-09-26 20:00:07,Dog last walk seem. Something short according morning even generation imagine.
651,651,427,2024-07-31 12:25:32,South personal huge property middle. Control thought story watch.
652,652,210,2024-01-26 19:37:48,Involve white choice deal with.
653,653,888,2024-03-15 12:33:19,Point although marriage knowledge.
654,654,420,2024-12-08 07:48:23,Too information Mr drop its. Poor itself large paper environmental his it and.
655,655,154,2024-08-12 06:25:03,Serve school on everything woman without environmental report. President home hair analysis.
656,656,522,2024-06-17 14:00:26,Participant no charge pretty cause foot.
657,657,415,2024-07-13 01:45:51,Thousand thing blue treatment rest young whatever.
658,658,353,2024-07-07 07:38:29,Plant partner its agent indeed enter old.
659,659,157,2024-05-21 05:49:30,Theory back indeed design early today.
660,660,261,2024-02-27 09:17:06,Help factor soldier common all.
661,661,77,2024-03-01 03:20:48,Concern service election environment hear.
662,662,769,2024-12-26 22:36:49,If one event treat.
663,663,983,2024-03-17 18:31:48,Player improve box with. Body include feeling seem picture real onto number.
664,664,488,2024-04-21 21:43:24,Within ahead administration safe my woman cause keep.
665,665,131,2024-01-01 12:51:32,Air receive most close challenge tree.
666,666,579,2024-09-26 01:24:25,At live yard major participant staff.
667,667,455,2024-09-09 20:17:33,Simple probably consumer.
668,668,740,2024-10-02 12:19:12,Seat per truth senior instead someone knowledge.
669,669,163,2024-04-11 01:09:03,Important agreement idea huge center job care.
670,670,15,2024-03-17 00:25:20,Get cell he instead soon career right ahead.
671,671,232,2024-07-10 07:09:34,Skill spring ever truth. Tv production material his main gas business.
672,672,195,2024-11-26 14:29:28,Available ever simply against ever safe discussion.
673,673,861,2024-02-06 01:08:33,Which stand seat power usually late spend. Behavior big buy care wife particular within get.
674,674,542,2024-03-11 02:24:57,Fact on cultural hospital plan unit heart.
675,675,359,2024-11-01 05:02:39,Similar wrong feeling effort.
676,676,850,2024-04-16 02:41:07,Mention rest civil front thus campaign whatever.
677,677,331,2024-08-07 20:47:50,Western clear coach past business assume various.
678,678,427,2024-05-26 10:40:39,Bag their financial stage.
679,679,497,2024-08-20 05:50:55,Picture that across the rule rather should. Wait yeah back technology usually admit produce.
680,680,828,2024-01-11 13:11:48,Old the finally serious cold. Everybody success baby candidate our serve decade.
681,681,486,2024-06-04 04:26:19,Tv establish baby just occur bag white.
682,682,808,2024-09-07 14:08:59,Increase exactly kind above accept cold strategy.
683,683,449,2024-08-09 17:38:08,No magazine think industry structure second name.
684,684,413,2024-11-21 13:27:31,Challenge even bag help successful us because.
685,685,330,2024-08-14 18:46:33,Some view less while trip bit off. Personal political allow make avoid very.
686,686,732,2024-01-17 08:59:11,Write issue trade go argue free gun have. Wish until anyone change radio.
687,687,889,2024-02-26 21:06:10,Include lawyer song knowledge. Push talk upon else decide.
688,688,991,2024-02-13 02:11:53,Picture into student music opportunity book everything research.
689,689,147,2024-04-13 22:21:18,Medical office note drop.
690,690,259,2024-10-27 12:35:07,Put ever certain toward entire.
691,691,292,2024-01-03 01:01:56,Life pick imagine in by movement leg second.
692,692,811,2024-12-05 22:39:21,Suggest church us.
693,693,143,2024-12-06 16:34:52,Kitchen trial join focus protect. Through part world former close amount enter.
694,694,993,2024-07-22 05:56:57,Industry finish less window with training process.
695,695,937,2024-09-09 13:37:41,Chance machine general operation research huge course.
696,696,747,2024-12-07 04:52:33,Building sign recently avoid upon. Paper will board.
697,697,627,2024-07-11 06:36:38,Money worker spring mission west behind range best. Third traditional ago let reach.
698,698,365,2024-12-14 17:43:56,Begin around rate responsibility subject oil memory part.
699,699,90,2024-12-22 10:06:10,Difficult price focus for every hospital.
700,700,720,2024-10-21 15:30:06,Individual common court staff quickly across test do.
701,701,164,2024-11-01 10:49:20,Sister radio stuff long sell along attorney.
702,702,481,2024-07-27 15:20:41,Stock report wait small manager then difficult.
703,703,84,2024-08-08 18:58:26,Continue as realize research however top strong. Large throughout at three value yard.
704,704,77,2024-06-24 06:04:56,Participant kitchen summer consumer five various event.
705,705,673,2024-01-09 07:35:53,Compare health capital best.
706,706,517,2024-11-29 01:02:34,Dark participant many economic later act. Necessary include very money task understand.
707,707,485,2024-02-09 20:13:30,Soon guess former since the country.
708,708,590,2024-06-30 05:14:38,Ahead table could wish same.
709,709,603,2024-06-17 16:22:29,Class why oil create.
710,710,599,2024-03-16 02:35:22,Wife year work blood. Stuff public occur break.
711,711,782,2024-03-25 15:10:45,Argue theory few business step stay employee plant.
712,712,104,2024-08-11 21:03:31,Company meeting cell not stand born opportunity.
713,713,452,2024-02-08 12:49:11,Air sort thought performance available increase television. Some return poor should leg.
714,714,487,2024-11-21 21:15:48,What event trip kid decade ability three chair.
715,715,339,2024-06-14 02:02:30,Compare possible red wall low size research.
716,716,687,2024-01-04 13:30:16,Scientist practice wear hour concern matter.
717,717,566,2024-07-14 17:39:56,Hand kind hit put half.
718,718,900,2024-08-11 02:07:08,Best be Democrat explain partner.
719,719,478,2024-03-23 11:22:23,Him ever imagine well fact yourself build. Training book seat usually.
720,720,723,2024-06-06 09:46:21,Information control there within right.
721,721,607,2024-09-18 16:20:31,Remain wonder about.
722,722,223,2024-02-26 22:49:51,History type kind father like. Spend more term animal respond.
723,723,9,2024-06-10 15:45:40,Perhaps painting bill usually up try must. News five recognize civil later.
724,724,53,2024-05-28 05:06:53,Grow traditional management reduce.
725,725,77,2024-06-29 22:46:12,Why international surface step cost.
726,726,718,2024-01-10 12:06:05,Song stuff subject simple.
727,727,503,2024-07-23 15:27:47,Hold poor wonder politics represent.
728,728,316,2024-04-23 04:19:17,None very bag bit bank ago director.
729,729,814,2024-07-28 18:27:13,Bed send outside if today official.
730,730,822,2024-09-21 03:02:42,Skin order modern herself husband majority. Ask some community professional hair.
731,731,842,2024-12-16 07:54:40,Approach Democrat claim. Your catch available risk.
732,732,624,2024-09-28 17:12:01,Speech but perform know.
733,733,863,2024-07-24 14:26:47,Such senior learn body investment data education note.
734,734,165,2024-02-19 03:22:47,Stuff certain major increase begin language such.
735,735,279,2024-07-10 09:43:13,Feel give wonder both admit black.
736,736,27,2024-09-30 05:58:20,Stage then like blood entire quality wind. Lead big red happen possible whether seat.
737,737,70,2024-01-07 18:04:29,Never better role reach other do responsibility.
738,738,218,2024-08-27 19:44:37,Baby man right official information inside standard.
739,739,962,2024-08-18 16:06:22,Firm ball rock religious.
740,740,365,2024-09-22 21:16:36,Yes onto at career. Look firm probably goal.
741,741,701,2024-01-27 18:05:38,Something reflect with into phone level visit.
742,742,845,2024-09-15 08:49:24,Senior spring yet class produce side.
743,743,947,2024-07-05 01:25:40,Agree energy card dark probably. Push purpose dream also understand authority score.
744,744,306,2024-09-02 05:59:48,Should magazine job lose. Miss agreement firm economy wife.
745,745,124,2024-03-17 04:30:42,Remain husband hotel sing.
746,746,19,2024-12-11 17:47:26,Reduce many past four dark road that according.
747,747,257,2024-01-07 07:41:06,Away employee minute. Never around investment full order seat.
748,748,296,2024-02-16 01:23:47,Political study radio chair commercial.
749,749,928,2024-03-29 19:11:02,Follow friend scene place decide western result.
750,750,22,2024-10-31 17:36:11,Loss ever home red.
751,751,880,2024-04-06 13:38:51,Tax heart read daughter later.
752,752,989,2024-09-16 00:18:21,See else ground low recently something degree adult.
753,753,450,2024-05-22 00:17:05,See help among.
754,754,552,2024-02-25 07:36:09,Late figure head his particular pull.
755,755,550,2024-10-03 00:54:59,Plan many event.
756,756,48,2024-09-06 09:14:59,Sense prevent student have time law.
757,757,695,2024-11-23 12:26:56,Else official personal tend occur benefit. Something now financial summer respond article executive.
758,758,587,2024-07-12 21:20:47,Hand season bad yourself Republican such.
759,759,721,2024-01-24 19:03:37,Policy remain charge.
760,760,183,2024-03-31 04:59:11,Manage others church heart few task. Three skin wrong assume.
761,761,435,2024-03-31 04:01:27,Quality amount particular water guess rock until.
762,762,107,2024-02-18 10:27:12,Federal party prevent whom.
763,763,188,2024-08-10 00:19:35,Summer develop quite Mrs.
764,764,776,2024-09-06 19:33:10,Every bed trade research list magazine question.
765,765,86,2024-08-03 08:26:16,Until sort much north process.
766,766,836,2024-12-30 22:53:43,Appear already appear trouble cell rule service research.
767,767,843,2024-08-10 09:46:23,Plant big contain all design base.
768,768,456,2024-12-16 10:58:44,Upon ask friend pretty.
769,769,137,2024-09-30 09:18:37,Wear Democrat care word budget.
770,770,858,2024-07-06 09:14:54,Idea concern prevent international throw hot.
771,771,898,2024-12-27 09:17:30,About charge nature somebody attention street resource player.
772,772,336,2024-01-30 08:17:45,Grow choice heart bed.
773,773,607,2024-06-01 11:24:43,Their effect character work reality provide.
774,774,838,2024-11-12 04:35:43,Ask appear true carry miss.
775,775,757,2024-06-22 10:40:14,Face it wait again we peace. Up really choose agree region.
776,776,469,2024-08-05 14:08:27,When story safe his year term main.
777,777,602,2024-11-01 00:09:18,Black cold back energy. Image director institution almost part happen TV.
778,778,571,2024-05-24 12:14:49,Region sea shoulder under language start various.
779,779,403,2024-02-13 03:33:42,Themselves several also arm improve model. Exist when these son perform.
780,780,540,2024-06-09 23:35:23,Because behavior analysis strong whose concern rate.
781,781,72,2024-10-11 05:56:19,Road this PM before him food. Across shoulder data election.
782,782,782,2024-06-26 02:41:24,Buy change across information. Understand single already really many such foreign understand.
783,783,24,2024-04-15 08:04:47,Skill form catch real offer exist.
784,784,624,2024-06-06 07:38:00,Throw suggest region as example.
785,785,812,2024-02-05 16:41:26,Member hear stop thank professional according from. Risk type ahead fine people writer group adult.
786,786,485,2024-01-12 00:03:47,Hope tend image station.
787,787,56,2024-11-20 22:48:05,Area best table agent. Speech draw a we everybody machine lose.
788,788,986,2024-05-28 11:32:57,Network never tax rule interesting family. Meet worker performance way.
789,789,223,2024-11-14 02:26:05,Pretty to pass its commercial exist writer.
790,790,632,2024-05-07 13:14:34,Break such large voice election write. Behavior southern baby anyone do phone garden.
791,791,179,2024-12-21 04:21:10,American think dinner despite usually somebody study with. Personal expect heart involve I.
792,792,800,2024-02-17 02:14:36,Decade perhaps total voice medical return. Various present trouble discussion work bag.
793,793,434,2024-05-29 00:22:17,Carry industry so practice government any.
794,794,937,2024-05-23 14:12:28,Relationship story ago far seem.
795,795,450,2024-09-07 00:26:32,International beyond memory history the computer center.
796,796,793,2024-02-09 07:01:39,True easy artist southern challenge.
797,797,884,2024-01-01 15:07:11,Technology authority listen brother goal.
798,798,492,2024-12-28 15:05:29,Vote drug remain soldier watch size.
799,799,189,2024-04-05 13:14:42,Car she society oil personal standard.
800,800,578,2024-04-29 05:59:03,Information official manager like tend. He beyond behavior something picture nothing into must.
801,801,810,2024-01-29 07:59:10,Four far cell act somebody.
802,802,961,2024-01-25 01:12:32,Serve feeling economic way majority parent.
803,803,420,2024-12-25 15:14:36,Carry including meet hair.
804,804,249,2024-05-29 13:21:20,Well body as.
805,805,588,2024-12-14 13:55:19,Feel car court type.
806,806,649,2024-12-27 08:38:16,Subject arm catch research bill effort.
807,807,164,2024-03-25 13:49:42,Choice have cause carry.
808,808,745,2024-11-12 12:24:31,Consumer picture like ever provide family million clear.
809,809,255,2024-07-26 18:44:18,Student worker point though follow minute serious. School town its southern teach recent today.
810,810,476,2024-03-03 05:57:42,Newspaper traditional same my last at certain week.
811,811,806,2024-10-09 03:48:05,Technology position though you while executive somebody.
812,812,417,2024-04-02 07:33:53,Fish reach economic bed.
813,813,170,2024-06-25 06:26:02,Clear step federal why.
814,814,317,2024-05-07 14:55:40,Kind father final rather.
815,815,174,2024-07-06 13:57:15,These develop official. Fight interesting evidence perform fly.
816,816,470,2024-08-29 17:32:28,Summer current list population.
817,817,345,2024-04-25 22:12:57,Policy serve as explain.
818,818,445,2024-01-21 00:47:21,Service business grow expert pull.
819,819,18,2024-07-27 15:21:32,Always garden me guy great must.
820,820,70,2024-12-09 03:20:27,Operation safe suddenly morning serve artist use. Learn usually event pattern glass tend never.
821,821,338,2024-05-08 05:19:42,Serve spring buy tell student development area mouth.
822,822,628,2024-04-01 19:45:08,Say try tonight bit.
823,823,592,2024-02-04 05:27:21,Throughout town six possible. Information ground before so lay style beyond.
824,824,527,2024-12-27 05:17:55,Soldier production military spring.
825,825,688,2024-10-10 18:44:49,Century for southern president.
826,826,456,2024-06-12 07:58:11,Yeah total exist.
827,827,269,2024-01-30 23:14:19,Nature president look tonight green mission also. Their speak these arm usually.
828,828,631,2024-12-31 20:15:03,Former western back summer performance weight.
829,829,811,2024-04-02 11:06:28,Certainly then side very.
830,830,188,2024-09-17 21:20:20,Everybody investment glass note financial unit.
831,831,569,2024-10-10 05:09:00,Address feel newspaper gun. Top change leg because continue poor radio.
832,832,711,2024-01-23 03:58:35,Close paper hair decide can own practice. Chair worker thought future almost action.
833,833,529,2024-09-30 11:26:51,Actually near animal.
834,834,434,2024-04-12 17:42:01,Memory candidate look quickly mention or difference. Manager there measure measure.
835,835,288,2024-01-26 03:58:10,Event your do how look.
836,836,918,2024-05-29 11:30:52,Lay activity country lose picture couple. Stage view state new always impact thing.
837,837,567,2024-07-07 18:23:19,Office range scientist stay because cover from. Certainly company policy even to science very.
838,838,499,2024-05-27 02:32:05,Fill itself heavy person put. Fine available much list majority usually.
839,839,441,2024-08-31 12:52:01,Now not building movie here serious.
840,840,781,2024-08-18 21:26:57,Oil moment without trial security only cover.
841,841,303,2024-01-21 02:29:44,Out expect right she assume story.
842,842,87,2024-08-19 09:00:12,Spring strong discover whole. Consumer who goal catch fly too service court.
843,843,830,2024-12-15 04:23:50,Read letter customer safe than anything company. Listen west which economic third box popular.
844,844,438,2024-05-21 19:07:05,Picture decade culture term by.
845,845,541,2024-03-01 17:40:08,Same investment within difference pick against mean.
846,846,22,2024-10-19 19:40:29,Minute drop case nature power usually keep. According view always opportunity research let.
847,847,833,2024-10-02 22:27:59,Sort military purpose hope person ready author.
848,848,797,2024-10-19 15:09:57,One though every north.
849,849,560,2024-07-13 16:17:34,Single land hospital space road. Mrs help home baby together.
850,850,517,2024-03-03 23:22:35,Real between later sure either business interesting.
851,851,762,2024-01-14 09:54:56,Throughout need candidate through assume response lot.
852,852,675,2024-10-16 11:20:59,Beyond western budget various sound indicate campaign down.
853,853,503,2024-11-16 06:00:37,Success purpose body material ok alone laugh.
854,854,714,2024-12-01 16:40:53,Test school once effect rise work wind.
855,855,467,2024-02-18 00:12:18,Major force chair.
856,856,101,2024-03-30 23:00:18,Play cup pass. Policy what training position.
857,857,583,2024-01-25 07:43:59,Cultural radio step choice drug risk vote.
858,858,942,2024-08-06 00:53:34,Market talk doctor.
859,859,675,2024-08-15 03:07:14,Subject important employee road.
860,860,685,2024-02-06 01:36:50,Big piece good south particular movement.
861,861,141,2024-12-18 04:47:02,Country site bring instead.
862,862,138,2024-01-10 11:18:49,Appear require over quickly purpose.
863,863,578,2024-03-17 21:26:02,Throw bag beautiful toward teach.
864,864,710,2024-09-07 23:24:49,Decide anyone meeting address executive civil.
865,865,840,2024-12-21 01:59:37,Level major wall collection.
866,866,228,2024-10-11 22:55:56,Economic car every health case certainly safe protect. Security quite might understand.
867,867,281,2024-02-13 14:50:17,Rock well little guy.
868,868,684,2024-06-24 21:20:01,Just again interest attack effort building.
869,869,828,2024-01-24 10:17:22,Area cause exist bar age prepare.
870,870,431,2024-09-11 11:11:37,Then wonder section hope executive.
871,871,40,2024-01-09 11:00:59,Control agent of series realize skill effect. Heart would film imagine.
872,872,519,2024-03-30 07:05:42,Able charge seat protect part million doctor.
873,873,686,2024-11-14 20:47:46,Development send style Republican window keep agency necessary.
874,874,663,2024-01-27 15:44:08,Term worry government similar many. Court remain may take.
875,875,211,2024-08-14 10:17:46,Health two understand you.
876,876,302,2024-11-04 07:31:39,Office economic ability seem line daughter service.
877,877,86,2024-08-13 10:25:50,Themselves mission ago show.
878,878,397,2024-05-18 21:55:22,Reflect consider tend produce.
879,879,253,2024-07-09 13:39:47,Anyone provide police interesting. Any skin rise since.
880,880,533,2024-10-21 19:15:34,Environment industry relate like memory create number. Bit sometimes return with receive.
881,881,769,2024-09-03 16:58:48,Dog guy find ahead game feel thousand.
882,882,891,2024-02-15 03:24:29,Kind floor improve miss real education check.
883,883,915,2024-09-13 07:19:35,Onto discussion special vote beyond turn.
884,884,381,2024-05-26 13:01:43,Inside only culture wind piece hold edge appear.
885,885,444,2024-08-10 12:26:32,Church spend mention edge born treat.
886,886,33,2024-07-04 08:39:57,Late debate book attack.
887,887,260,2024-02-06 23:17:40,Wish draw day personal expect local garden class. We write one wrong parent relate short.
888,888,234,2024-05-04 06:33:49,Art billion hold knowledge computer minute war similar.
889,889,515,2024-09-05 07:20:34,Popular move also drop teach director.
890,890,859,2024-02-02 03:23:16,Treat skill near. Large defense house why serious theory these itself.
891,891,308,2024-02-16 17:13:35,Range staff listen behavior form realize.
892,892,739,2024-02-26 08:00:07,Threat card product manage.
893,893,796,2024-08-19 14:36:11,Hear lay prepare speech alone tax. Result reason increase.
894,894,70,2024-07-14 13:26:28,Result other network it determine tree sell.
895,895,454,2024-08-29 07:57:07,Computer bill light including receive clear size.
896,896,439,2024-09-14 11:25:11,Role through have place whose.
897,897,825,2024-06-30 03:58:14,Reflect rise source cover.
898,898,364,2024-03-21 11:30:38,Condition win important sound thought market.
899,899,983,2024-04-18 08:41:17,Lawyer activity note western week.
900,900,766,2024-09-17 18:16:13,Half law it do choice.
901,901,481,2024-04-22 04:23:17,Itself girl space forward. Know fund know three message book study student.
902,902,144,2024-12-03 11:34:12,Information fly first view any professional.
903,903,24,2024-11-04 04:39:25,Sometimes everything phone other most citizen product.
904,904,965,2024-03-26 02:22:28,President guess response dinner people spend experience.
905,905,425,2024-04-15 05:23:40,Federal never would east character operation best.
906,906,746,2024-07-07 15:58:17,Already cut modern away. Nation mission onto drug.
907,907,845,2024-08-14 13:29:05,Rate successful rock shoulder course physical wait material.
908,908,175,2024-03-16 11:37:18,Strong expect speak serious.
909,909,844,2024-06-15 06:40:51,Than need morning situation.
910,910,325,2024-06-21 05:50:47,Save then note specific natural leave candidate science.
911,911,869,2024-10-21 14:33:43,Note forget past white.
912,912,671,2024-04-09 05:38:02,Fight ago hair teacher rock.
913,913,860,2024-12-24 12:43:44,Rule name during cultural knowledge miss daughter.
914,914,348,2024-03-24 13:25:53,Seat arrive strategy near partner story.
915,915,798,2024-11-13 22:44:20,Own fund security attack west movie food.
916,916,18,2024-07-08 22:39:36,At garden maintain idea card year.
917,917,44,2024-09-29 00:11:53,Current also dream fall although source long.
918,918,155,2024-03-03 20:26:02,Most personal why until.
919,919,867,2024-01-06 10:36:58,Board cell factor picture kitchen Democrat player lay. Occur dream affect effect large American during across.
920,920,922,2024-06-09 23:35:27,Team trouble option only better manage. Life skill lay time purpose describe after.
921,921,377,2024-12-05 00:27:18,Maintain attorney direction instead.
922,922,743,2024-08-17 06:38:01,Happen minute author nor eat campaign.
923,923,883,2024-12-20 15:23:16,Determine recently meet pattern.
924,924,828,2024-08-27 02:04:00,If tend thing address some bag send.
925,925,402,2024-05-28 09:40:30,City education under newspaper score western PM. Recently decade hope whole within available.
926,926,225,2024-10-26 12:43:11,Current their act develop market experience.
927,927,217,2024-11-17 20:05:50,Among music shoulder likely performance.
928,928,568,2024-08-19 12:56:21,Government group than operation ago.
929,929,31,2024-03-19 06:38:19,Hold store table stuff. Rule past car road order.
930,930,869,2024-08-26 10:45:11,That successful president too lose fish.
931,931,59,2024-12-10 01:13:26,Doctor talk red room treat current seven.
932,932,892,2024-08-02 02:27:29,Born yourself book no cover worker. Fund billion man behind sing.
933,933,898,2024-10-25 00:39:55,Popular fly could law poor.
934,934,353,2024-11-24 17:43:00,Financial author bring relate customer whether.
935,935,935,2024-04-04 18:57:01,List society before which father art.
936,936,445,2024-03-08 20:05:19,Notice painting field bar game class represent perform.
937,937,235,2024-04-29 04:42:02,Question figure go.
938,938,107,2024-10-25 21:34:27,Hard still act pressure term agent.
939,939,191,2024-02-13 12:34:00,So prepare country anyone career against. Civil those let stay energy.
940,940,992,2024-09-21 20:46:49,May first yeah cut lot. From night down reveal suffer.
941,941,530,2024-03-16 19:30:55,Thus ready quite thought follow assume. Difficult himself father product fill between call.
942,942,913,2024-08-24 12:14:56,Agree majority present truth.
943,943,738,2024-04-09 10:50:35,Grow box reduce who like minute interest actually.
944,944,679,2024-09-18 01:37:51,Lead officer pattern economy.
945,945,583,2024-08-24 08:11:33,Now mind manage cell.
946,946,874,2024-07-31 13:37:06,Across language article letter give later girl determine. You this source suddenly.
947,947,566,2024-02-03 17:43:54,Group course into risk. Scene nice break ago decision again tell practice.
948,948,245,2024-03-16 21:52:24,Leave arm film image which forward them eye.
949,949,995,2024-03-26 15:00:28,Music may this culture make attack sometimes.
950,950,862,2024-08-27 02:21:41,Film begin small.
951,951,76,2024-08-05 04:27:22,Newspaper only imagine require expect.
952,952,547,2024-04-23 14:29:28,Speech nearly discussion nearly.
953,953,267,2024-01-10 13:18:39,Collection hand hospital smile.
954,954,317,2024-04-29 00:21:19,Word thing main sure central.
955,955,812,2024-12-05 16:00:35,State medical garden example. Trip region smile parent green.
956,956,121,2024-05-05 21:06:07,Government down success director all travel reason. Author society spring young likely.
957,957,836,2024-01-13 04:00:53,Eat number notice real able.
958,958,25,2024-02-28 07:43:16,But certain question laugh.
959,959,432,2024-03-15 07:39:48,Choose spring really moment wind.
960,960,160,2024-02-09 03:37:23,Somebody question yet say air play catch. Suggest boy senior modern body agency.
961,961,596,2024-10-15 04:15:13,Travel reality listen poor front throw drug hotel.
962,962,114,2024-04-27 12:47:07,Day idea far break national Republican their.
963,963,735,2024-04-10 08:51:33,Teach method professor affect. Region development own keep scientist.
964,964,900,2024-12-10 04:39:52,Never apply well movement owner.
965,965,502,2024-02-09 19:58:03,Writer mission of much travel federal forget capital.
966,966,166,2024-06-27 17:13:36,Point many act agency upon true.
967,967,703,2024-02-27 13:30:37,Despite hit civil her voice.
968,968,175,2024-06-23 21:33:42,Thing call likely anyone watch organization.
969,969,1,2024-07-04 02:47:33,Week produce whose pretty old.
970,970,899,2024-01-18 17:30:10,Republican late interest mind majority operation.
971,971,741,2024-01-05 00:09:20,Over away trial my.
972,972,86,2024-12-29 06:42:20,Action serious send expert magazine.
973,973,574,2024-12-31 03:23:15,Time beat to best staff.
974,974,320,2024-03-27 15:42:06,Over training someone show partner.
975,975,401,2024-11-07 08:42:53,Moment dark three eat.
976,976,382,2024-11-01 13:01:28,Agency former know character understand.
977,977,718,2024-03-08 09:41:18,Coach trip stand owner business mouth half.
978,978,617,2024-12-08 07:35:29,Community reflect big minute center develop.
979,979,318,2024-05-09 19:24:02,Degree enough quickly man control effect. One operation wear cut effect.
980,980,803,2024-01-04 09:16:17,Simple important theory film federal decision economy trade.
981,981,250,2024-09-21 10:42:21,Front tend travel particularly action.
982,982,525,2024-08-21 13:34:09,Pm make then necessary write.
983,983,675,2024-11-28 21:46:01,Identify Mr age man finally recent.
984,984,555,2024-07-13 06:55:54,Age bit mention impact. Food also into live card baby.
985,985,898,2024-01-14 14:36:58,So animal actually land group.
986,986,952,2024-01-12 11:09:59,Issue house lawyer mission real federal she.
987,987,623,2024-09-14 21:08:34,Visit kind scientist section discussion relationship notice.
988,988,717,2024-08-04 08:30:14,Land top into consider west.
989,989,896,2024-03-18 16:41:27,World management similar loss return wide.
990,990,256,2024-08-23 23:29:38,Education give southern how.
991,991,307,2024-12-19 15:32:17,Give be walk visit.
992,992,950,2024-07-01 05:38:04,Get health gas somebody.
993,993,144,2024-11-24 18:55:24,Team lawyer new picture if election nature sign.
994,994,658,2024-02-29 09:03:03,Loss try despite current door fund.
995,995,391,2024-11-26 20:13:22,Personal less hit product.
996,996,813,2024-07-26 20:40:38,Cut put board trial direction sea.
997,997,676,2024-02-18 11:41:47,Ready paper model suggest bank.
998,998,169,2024-03-17 16:41:04,Administration too available ok.
999,999,990,2024-01-07 06:31:41,We discover individual floor quality lawyer shoulder. Until less business free mother.
1000,1000,298,2024-12-20 20:25:47,What set should medical field about book stock.
